unit_id,timestamp,hour,o_arrive,o_leave,o_stay,商业,办公,交通,居住,公服,教育,医疗,文体,其它,norm_o_arrive,norm_o_leave,norm_o_stay,norm_商业,norm_办公,norm_交通,norm_居住,norm_公服,norm_教育,norm_医疗,norm_文体,norm_其它
plot_10604,2021-04-01 06:00:00,6,0.0,15.93,0.0,0.0,0.0,0.0,0.0,0.0,0.0,0.0,0.0,0.0,0.5,0.190544929628293,0.5,0.5,0.5,0.5,0.5,0.5,0.5,0.5,0.5,0.5
plot_10604,2021-04-01 07:00:00,7,0.0,18.2,0.0,0.0,0.0,0.0,0.0,0.0,0.0,0.0,0.0,0.0,0.5,0.27246481414651746,0.5,0.5,0.5,0.5,0.5,0.5,0.5,0.5,0.5,0.5
plot_10604,2021-04-01 08:00:00,8,0.0,18.55,0.0,0.0,0.0,0.0,0.0,0.0,0.0,0.0,0.0,0.0,0.5,0.2850956333453627,0.5,0.5,0.5,0.5,0.5,0.5,0.5,0.5,0.5,0.5
plot_10604,2021-04-01 09:00:00,9,0.0,16.78,0.0,0.0,0.0,0.0,0.0,0.0,0.0,0.0,0.0,0.0,0.5,0.22121977625405992,0.5,0.5,0.5,0.5,0.5,0.5,0.5,0.5,0.5,0.5
plot_10604,2021-04-01 10:00:00,10,0.0,35.72,0.0,0.0,0.0,0.0,0.0,0.0,0.0,0.0,0.0,0.0,0.5,0.9047275351858535,0.5,0.5,0.5,0.5,0.5,0.5,0.5,0.5,0.5,0.5
plot_10604,2021-04-01 11:00:00,11,0.0,14.85,0.0,0.0,0.0,0.0,0.0,0.0,0.0,0.0,0.0,0.0,0.5,0.15156983038614216,0.5,0.5,0.5,0.5,0.5,0.5,0.5,0.5,0.5,0.5
plot_10604,2021-04-01 12:00:00,12,0.0,19.78,0.0,0.0,0.0,0.0,0.0,0.0,0.0,0.0,0.0,0.0,0.5,0.32948394081559007,0.5,0.5,0.5,0.5,0.5,0.5,0.5,0.5,0.5,0.5
plot_10604,2021-04-01 13:00:00,13,0.0,17.36,0.0,0.0,0.0,0.0,0.0,0.0,0.0,0.0,0.0,0.0,0.5,0.24215084806928902,0.5,0.5,0.5,0.5,0.5,0.5,0.5,0.5,0.5,0.5
plot_10604,2021-04-01 14:00:00,14,0.0,21.56,0.0,0.0,0.0,0.0,0.0,0.0,0.0,0.0,0.0,0.0,0.5,0.3937206784554312,0.5,0.5,0.5,0.5,0.5,0.5,0.5,0.5,0.5,0.5
plot_10604,2021-04-01 15:00:00,15,0.0,18.69,0.0,0.0,0.0,0.0,0.0,0.0,0.0,0.0,0.0,0.0,0.5,0.29014796102490076,0.5,0.5,0.5,0.5,0.5,0.5,0.5,0.5,0.5,0.5
plot_10604,2021-04-01 16:00:00,16,0.0,24.28,0.0,0.0,0.0,0.0,0.0,0.0,0.0,0.0,0.0,0.0,0.5,0.49188018765788527,0.5,0.5,0.5,0.5,0.5,0.5,0.5,0.5,0.5,0.5
plot_10604,2021-04-01 17:00:00,17,0.0,21.61,0.0,0.0,0.0,0.0,0.0,0.0,0.0,0.0,0.0,0.0,0.5,0.39552508119812335,0.5,0.5,0.5,0.5,0.5,0.5,0.5,0.5,0.5,0.5
plot_10604,2021-04-01 18:00:00,18,0.0,20.84,0.0,0.0,0.0,0.0,0.0,0.0,0.0,0.0,0.0,0.0,0.5,0.367737278960664,0.5,0.5,0.5,0.5,0.5,0.5,0.5,0.5,0.5,0.5
plot_10604,2021-04-01 19:00:00,19,0.0,22.15,0.0,0.0,0.0,0.0,0.0,0.0,0.0,0.0,0.0,0.0,0.5,0.41501263081919876,0.5,0.5,0.5,0.5,0.5,0.5,0.5,0.5,0.5,0.5
plot_10604,2021-04-01 20:00:00,20,0.0,29.13,0.0,0.0,0.0,0.0,0.0,0.0,0.0,0.0,0.0,0.0,0.5,0.6669072536990255,0.5,0.5,0.5,0.5,0.5,0.5,0.5,0.5,0.5,0.5
plot_10604,2021-04-01 21:00:00,21,0.0,27.44,0.0,0.0,0.0,0.0,0.0,0.0,0.0,0.0,0.0,0.0,0.5,0.6059184409960303,0.5,0.5,0.5,0.5,0.5,0.5,0.5,0.5,0.5,0.5
plot_10604,2021-04-01 22:00:00,22,0.0,31.46,0.0,0.0,0.0,0.0,0.0,0.0,0.0,0.0,0.0,0.0,0.5,0.7509924215084808,0.5,0.5,0.5,0.5,0.5,0.5,0.5,0.5,0.5,0.5
plot_10604,2021-04-01 23:00:00,23,0.0,25.8,0.0,0.0,0.0,0.0,0.0,0.0,0.0,0.0,0.0,0.0,0.5,0.5467340310357272,0.5,0.5,0.5,0.5,0.5,0.5,0.5,0.5,0.5,0.5
plot_10604,2021-04-02 00:00:00,0,0.0,27.61,0.0,0.0,0.0,0.0,0.0,0.0,0.0,0.0,0.0,0.0,0.5,0.6120534103211837,0.5,0.5,0.5,0.5,0.5,0.5,0.5,0.5,0.5,0.5
plot_10604,2021-04-02 01:00:00,1,0.0,22.94,0.0,0.0,0.0,0.0,0.0,0.0,0.0,0.0,0.0,0.0,0.5,0.4435221941537351,0.5,0.5,0.5,0.5,0.5,0.5,0.5,0.5,0.5,0.5
plot_10604,2021-04-02 02:00:00,2,0.0,23.24,0.0,0.0,0.0,0.0,0.0,0.0,0.0,0.0,0.0,0.0,0.5,0.45434861060988807,0.5,0.5,0.5,0.5,0.5,0.5,0.5,0.5,0.5,0.5
plot_10604,2021-04-02 03:00:00,3,0.0,31.01,0.0,0.0,0.0,0.0,0.0,0.0,0.0,0.0,0.0,0.0,0.5,0.7347527968242511,0.5,0.5,0.5,0.5,0.5,0.5,0.5,0.5,0.5,0.5
plot_10604,2021-04-02 04:00:00,4,0.0,10.65,0.0,0.0,0.0,0.0,0.0,0.0,0.0,0.0,0.0,0.0,0.5,0.0,0.5,0.5,0.5,0.5,0.5,0.5,0.5,0.5,0.5,0.5
plot_10604,2021-04-02 05:00:00,5,0.0,38.36,0.0,0.0,0.0,0.0,0.0,0.0,0.0,0.0,0.0,0.0,0.5,1.0,0.5,0.5,0.5,0.5,0.5,0.5,0.5,0.5,0.5,0.5
plot_10605,2021-04-01 06:00:00,6,0.0,0.0,953.69,11.0,12.0,38.0,18.0,22.0,37.0,1.0,11.0,17.0,0.5,0.5,0.5424069839950115,0.5,0.5,0.5,0.5,0.5,0.5,0.5,0.5,0.5
plot_10605,2021-04-01 07:00:00,7,0.0,0.0,1238.73,11.0,12.0,38.0,18.0,22.0,37.0,1.0,11.0,17.0,0.5,0.5,0.7793972147162752,0.5,0.5,0.5,0.5,0.5,0.5,0.5,0.5,0.5
plot_10605,2021-04-01 08:00:00,8,0.0,0.0,1224.57,11.0,12.0,38.0,18.0,22.0,37.0,1.0,11.0,17.0,0.5,0.5,0.7676241945541468,0.5,0.5,0.5,0.5,0.5,0.5,0.5,0.5,0.5
plot_10605,2021-04-01 09:00:00,9,0.0,0.0,1180.12,11.0,12.0,38.0,18.0,22.0,37.0,1.0,11.0,17.0,0.5,0.5,0.730667220951985,0.5,0.5,0.5,0.5,0.5,0.5,0.5,0.5,0.5
plot_10605,2021-04-01 10:00:00,10,0.0,0.0,1162.11,11.0,12.0,38.0,18.0,22.0,37.0,1.0,11.0,17.0,0.5,0.5,0.7156932030762835,0.5,0.5,0.5,0.5,0.5,0.5,0.5,0.5,0.5
plot_10605,2021-04-01 11:00:00,11,0.0,0.0,1068.65,11.0,12.0,38.0,18.0,22.0,37.0,1.0,11.0,17.0,0.5,0.5,0.6379879442943256,0.5,0.5,0.5,0.5,0.5,0.5,0.5,0.5,0.5
plot_10605,2021-04-01 12:00:00,12,0.0,0.0,724.61,11.0,12.0,38.0,18.0,22.0,37.0,1.0,11.0,17.0,0.5,0.5,0.35194346289752654,0.5,0.5,0.5,0.5,0.5,0.5,0.5,0.5,0.5
plot_10605,2021-04-01 13:00:00,13,0.0,0.0,663.68,11.0,12.0,38.0,18.0,22.0,37.0,1.0,11.0,17.0,0.5,0.5,0.3012845562253169,0.5,0.5,0.5,0.5,0.5,0.5,0.5,0.5,0.5
plot_10605,2021-04-01 14:00:00,14,0.0,0.0,779.62,11.0,12.0,38.0,18.0,22.0,37.0,1.0,11.0,17.0,0.5,0.5,0.3976803159426315,0.5,0.5,0.5,0.5,0.5,0.5,0.5,0.5,0.5
plot_10605,2021-04-01 15:00:00,15,0.0,0.0,891.81,11.0,12.0,38.0,18.0,22.0,37.0,1.0,11.0,17.0,0.5,0.5,0.49095822074412804,0.5,0.5,0.5,0.5,0.5,0.5,0.5,0.5,0.5
plot_10605,2021-04-01 16:00:00,16,0.0,0.0,1171.35,11.0,12.0,38.0,18.0,22.0,37.0,1.0,11.0,17.0,0.5,0.5,0.7233755975888588,0.5,0.5,0.5,0.5,0.5,0.5,0.5,0.5,0.5
plot_10605,2021-04-01 17:00:00,17,0.0,0.0,1386.85,11.0,12.0,38.0,18.0,22.0,37.0,1.0,11.0,17.0,0.5,0.5,0.9025483267511951,0.5,0.5,0.5,0.5,0.5,0.5,0.5,0.5,0.5
plot_10605,2021-04-01 18:00:00,18,0.0,0.0,1501.08,11.0,12.0,38.0,18.0,22.0,37.0,1.0,11.0,17.0,0.5,0.5,0.9975223446268967,0.5,0.5,0.5,0.5,0.5,0.5,0.5,0.5,0.5
plot_10605,2021-04-01 19:00:00,19,0.0,0.0,1504.06,11.0,12.0,38.0,18.0,22.0,37.0,1.0,11.0,17.0,0.5,0.5,1.0,0.5,0.5,0.5,0.5,0.5,0.5,0.5,0.5,0.5
plot_10605,2021-04-01 20:00:00,20,0.0,0.0,1306.11,11.0,12.0,38.0,18.0,22.0,37.0,1.0,11.0,17.0,0.5,0.5,0.8354188318436915,0.5,0.5,0.5,0.5,0.5,0.5,0.5,0.5,0.5
plot_10605,2021-04-01 21:00:00,21,0.0,0.0,674.12,11.0,12.0,38.0,18.0,22.0,37.0,1.0,11.0,17.0,0.5,0.5,0.30996466431095404,0.5,0.5,0.5,0.5,0.5,0.5,0.5,0.5,0.5
plot_10605,2021-04-01 22:00:00,22,0.0,0.0,776.13,11.0,12.0,38.0,18.0,22.0,37.0,1.0,11.0,17.0,0.5,0.5,0.39477863230097693,0.5,0.5,0.5,0.5,0.5,0.5,0.5,0.5,0.5
plot_10605,2021-04-01 23:00:00,23,0.0,0.0,514.23,11.0,12.0,38.0,18.0,22.0,37.0,1.0,11.0,17.0,0.5,0.5,0.1770276449802536,0.5,0.5,0.5,0.5,0.5,0.5,0.5,0.5,0.5
plot_10605,2021-04-02 00:00:00,0,0.0,0.0,337.92,11.0,12.0,38.0,18.0,22.0,37.0,1.0,11.0,17.0,0.5,0.5,0.0304385782581584,0.5,0.5,0.5,0.5,0.5,0.5,0.5,0.5,0.5
plot_10605,2021-04-02 01:00:00,1,0.0,0.0,445.01,11.0,12.0,38.0,18.0,22.0,37.0,1.0,11.0,17.0,0.5,0.5,0.11947620037414258,0.5,0.5,0.5,0.5,0.5,0.5,0.5,0.5,0.5
plot_10605,2021-04-02 02:00:00,2,0.0,0.0,301.31,11.0,12.0,38.0,18.0,22.0,37.0,1.0,11.0,17.0,0.5,0.5,0.0,0.5,0.5,0.5,0.5,0.5,0.5,0.5,0.5,0.5
plot_10605,2021-04-02 03:00:00,3,0.0,0.0,361.11,11.0,12.0,38.0,18.0,22.0,37.0,1.0,11.0,17.0,0.5,0.5,0.049719393057576396,0.5,0.5,0.5,0.5,0.5,0.5,0.5,0.5,0.5
plot_10605,2021-04-02 04:00:00,4,0.0,0.0,542.41,11.0,12.0,38.0,18.0,22.0,37.0,1.0,11.0,17.0,0.5,0.5,0.20045728538765326,0.5,0.5,0.5,0.5,0.5,0.5,0.5,0.5,0.5
plot_10605,2021-04-02 05:00:00,5,0.0,0.0,566.76,11.0,12.0,38.0,18.0,22.0,37.0,1.0,11.0,17.0,0.5,0.5,0.22070255664103097,0.5,0.5,0.5,0.5,0.5,0.5,0.5,0.5,0.5
plot_10646,2021-04-01 06:00:00,6,15.1,56.68,1099.13,36.0,29.0,27.0,15.0,34.0,8.0,16.0,14.0,1.0,0.06301824212271974,0.8107476635514019,0.49614336973887535,0.5,0.5,0.5,0.5,0.5,0.5,0.5,0.5,0.5
plot_10646,2021-04-01 07:00:00,7,13.46,46.69,1346.82,36.0,29.0,27.0,15.0,34.0,8.0,16.0,14.0,1.0,0.008623548922056436,0.5189836448598131,0.6583248212461694,0.5,0.5,0.5,0.5,0.5,0.5,0.5,0.5,0.5
plot_10646,2021-04-01 08:00:00,8,19.31,51.83,1491.23,36.0,29.0,27.0,15.0,34.0,8.0,16.0,14.0,1.0,0.20265339966832502,0.6691004672897196,0.7528810141169691,0.5,0.5,0.5,0.5,0.5,0.5,0.5,0.5,0.5
plot_10646,2021-04-01 09:00:00,9,29.83,50.73,1362.67,36.0,29.0,27.0,15.0,34.0,8.0,16.0,14.0,1.0,0.5515754560530679,0.6369742990654205,0.6687030198266153,0.5,0.5,0.5,0.5,0.5,0.5,0.5,0.5,0.5
plot_10646,2021-04-01 10:00:00,10,37.19,48.519999999999996,1232.88,36.0,29.0,27.0,15.0,34.0,8.0,16.0,14.0,1.0,0.7956882255389717,0.5724299065420559,0.5837196511353815,0.5,0.5,0.5,0.5,0.5,0.5,0.5,0.5,0.5
plot_10646,2021-04-01 11:00:00,11,42.75,56.83,982.62,36.0,29.0,27.0,15.0,34.0,8.0,16.0,14.0,1.0,0.9800995024875622,0.8151285046728972,0.41985542547340293,0.5,0.5,0.5,0.5,0.5,0.5,0.5,0.5,0.5
plot_10646,2021-04-01 12:00:00,12,25.35,57.51,802.17,36.0,29.0,27.0,15.0,34.0,8.0,16.0,14.0,1.0,0.4029850746268657,0.8349883177570093,0.3017011078808831,0.5,0.5,0.5,0.5,0.5,0.5,0.5,0.5,0.5
plot_10646,2021-04-01 13:00:00,13,14.13,59.099999999999994,560.57,36.0,29.0,27.0,15.0,34.0,8.0,16.0,14.0,1.0,0.030845771144278656,0.8814252336448597,0.1435072418218486,0.5,0.5,0.5,0.5,0.5,0.5,0.5,0.5,0.5
plot_10646,2021-04-01 14:00:00,14,14.42,34.78,550.49,36.0,29.0,27.0,15.0,34.0,8.0,16.0,14.0,1.0,0.0404643449419569,0.1711448598130841,0.13690710039024645,0.5,0.5,0.5,0.5,0.5,0.5,0.5,0.5,0.5
plot_10646,2021-04-01 15:00:00,15,30.76,30.66,1087.51,36.0,29.0,27.0,15.0,34.0,8.0,16.0,14.0,1.0,0.5824212271973467,0.05081775700934576,0.488534873366334,0.5,0.5,0.5,0.5,0.5,0.5,0.5,0.5,0.5
plot_10646,2021-04-01 16:00:00,16,20.69,52.78,1110.54,36.0,29.0,27.0,15.0,34.0,8.0,16.0,14.0,1.0,0.24842454394693206,0.6968457943925235,0.5036143631649249,0.5,0.5,0.5,0.5,0.5,0.5,0.5,0.5,0.5
plot_10646,2021-04-01 17:00:00,17,18.61,41.56,1484.9,36.0,29.0,27.0,15.0,34.0,8.0,16.0,14.0,1.0,0.17943615257048093,0.369158878504673,0.7487362824441475,0.5,0.5,0.5,0.5,0.5,0.5,0.5,0.5,0.5
plot_10646,2021-04-01 18:00:00,18,43.35,53.09,1868.64,36.0,29.0,27.0,15.0,34.0,8.0,16.0,14.0,1.0,1.0,0.7058995327102805,1.0,0.5,0.5,0.5,0.5,0.5,0.5,0.5,0.5,0.5
plot_10646,2021-04-01 19:00:00,19,18.75,58.79,1473.67,36.0,29.0,27.0,15.0,34.0,8.0,16.0,14.0,1.0,0.18407960199004977,0.8723714953271029,0.7413831486865193,0.5,0.5,0.5,0.5,0.5,0.5,0.5,0.5,0.5
plot_10646,2021-04-01 20:00:00,20,19.59,48.480000000000004,1196.72,36.0,29.0,27.0,15.0,34.0,8.0,16.0,14.0,1.0,0.21194029850746268,0.5712616822429908,0.5600429533013802,0.5,0.5,0.5,0.5,0.5,0.5,0.5,0.5,0.5
plot_10646,2021-04-01 21:00:00,21,33.35,63.16,997.35,36.0,29.0,27.0,15.0,34.0,8.0,16.0,14.0,1.0,0.6683250414593699,1.0,0.42950027500589294,0.5,0.5,0.5,0.5,0.5,0.5,0.5,0.5,0.5
plot_10646,2021-04-01 22:00:00,22,17.47,51.64,791.72,36.0,29.0,27.0,15.0,34.0,8.0,16.0,14.0,1.0,0.14162520729684908,0.663551401869159,0.29485869935308134,0.5,0.5,0.5,0.5,0.5,0.5,0.5,0.5,0.5
plot_10646,2021-04-01 23:00:00,23,20.65,33.96,468.15,36.0,29.0,27.0,15.0,34.0,8.0,16.0,14.0,1.0,0.24709784411276944,0.14719626168224298,0.08299284984678242,0.5,0.5,0.5,0.5,0.5,0.5,0.5,0.5,0.5
plot_10646,2021-04-02 00:00:00,0,20.39,37.74,354.18,36.0,29.0,27.0,15.0,34.0,8.0,16.0,14.0,1.0,0.23847429519071311,0.2575934579439253,0.008368036457924116,0.5,0.5,0.5,0.5,0.5,0.5,0.5,0.5,0.5
plot_10646,2021-04-02 01:00:00,1,24.95,60.0,341.4,36.0,29.0,27.0,15.0,34.0,8.0,16.0,14.0,1.0,0.3897180762852404,0.9077102803738318,0.0,0.5,0.5,0.5,0.5,0.5,0.5,0.5,0.5,0.5
plot_10646,2021-04-02 02:00:00,2,23.1,49.129999999999995,415.73,36.0,29.0,27.0,15.0,34.0,8.0,16.0,14.0,1.0,0.32835820895522394,0.5902453271028036,0.0486694952987088,0.5,0.5,0.5,0.5,0.5,0.5,0.5,0.5,0.5
plot_10646,2021-04-02 03:00:00,3,24.17,54.47,355.72,36.0,29.0,27.0,15.0,34.0,8.0,16.0,14.0,1.0,0.36384742951907134,0.7462032710280374,0.00937639139886334,0.5,0.5,0.5,0.5,0.5,0.5,0.5,0.5,0.5
plot_10646,2021-04-02 04:00:00,4,13.2,28.92,486.02,36.0,29.0,27.0,15.0,34.0,8.0,16.0,14.0,1.0,0.0,0.0,0.09469369581729131,0.5,0.5,0.5,0.5,0.5,0.5,0.5,0.5,0.5
plot_10646,2021-04-02 05:00:00,5,23.02,47.08,756.86,36.0,29.0,27.0,15.0,34.0,8.0,16.0,14.0,1.0,0.3257048092868988,0.530373831775701,0.2720332102354574,0.5,0.5,0.5,0.5,0.5,0.5,0.5,0.5,0.5
plot_10648,2021-04-01 06:00:00,6,0.0,0.0,947.0,37.0,9.0,5.0,38.0,2.0,35.0,6.0,5.0,11.0,0.5,0.5,0.49131970870752983,0.5,0.5,0.5,0.5,0.5,0.5,0.5,0.5,0.5
plot_10648,2021-04-01 07:00:00,7,0.0,0.0,1169.67,37.0,9.0,5.0,38.0,2.0,35.0,6.0,5.0,11.0,0.5,0.5,0.6697083069626592,0.5,0.5,0.5,0.5,0.5,0.5,0.5,0.5,0.5
plot_10648,2021-04-01 08:00:00,8,0.0,0.0,1211.26,37.0,9.0,5.0,38.0,2.0,35.0,6.0,5.0,11.0,0.5,0.5,0.7030274869214808,0.5,0.5,0.5,0.5,0.5,0.5,0.5,0.5,0.5
plot_10648,2021-04-01 09:00:00,9,0.0,0.0,1472.74,37.0,9.0,5.0,38.0,2.0,35.0,6.0,5.0,11.0,0.5,0.5,0.912508111485864,0.5,0.5,0.5,0.5,0.5,0.5,0.5,0.5,0.5
plot_10648,2021-04-01 10:00:00,10,0.0,0.0,1102.89,37.0,9.0,5.0,38.0,2.0,35.0,6.0,5.0,11.0,0.5,0.5,0.6162085513086532,0.5,0.5,0.5,0.5,0.5,0.5,0.5,0.5,0.5
plot_10648,2021-04-01 11:00:00,11,0.0,0.0,981.59,37.0,9.0,5.0,38.0,2.0,35.0,6.0,5.0,11.0,0.5,0.5,0.5190309478221161,0.5,0.5,0.5,0.5,0.5,0.5,0.5,0.5,0.5
plot_10648,2021-04-01 12:00:00,12,0.0,0.0,684.34,37.0,9.0,5.0,38.0,2.0,35.0,6.0,5.0,11.0,0.5,0.5,0.28089374554368984,0.5,0.5,0.5,0.5,0.5,0.5,0.5,0.5,0.5
plot_10648,2021-04-01 13:00:00,13,0.0,0.0,648.48,37.0,9.0,5.0,38.0,2.0,35.0,6.0,5.0,11.0,0.5,0.5,0.252165065733078,0.5,0.5,0.5,0.5,0.5,0.5,0.5,0.5,0.5
plot_10648,2021-04-01 14:00:00,14,0.0,0.0,673.17,37.0,9.0,5.0,38.0,2.0,35.0,6.0,5.0,11.0,0.5,0.5,0.27194507422510267,0.5,0.5,0.5,0.5,0.5,0.5,0.5,0.5,0.5
plot_10648,2021-04-01 15:00:00,15,0.0,0.0,868.31,37.0,9.0,5.0,38.0,2.0,35.0,6.0,5.0,11.0,0.5,0.5,0.42827844227426026,0.5,0.5,0.5,0.5,0.5,0.5,0.5,0.5,0.5
plot_10648,2021-04-01 16:00:00,16,0.0,0.0,1112.73,37.0,9.0,5.0,38.0,2.0,35.0,6.0,5.0,11.0,0.5,0.5,0.6240917138668354,0.5,0.5,0.5,0.5,0.5,0.5,0.5,0.5,0.5
plot_10648,2021-04-01 17:00:00,17,0.0,0.0,1581.95,37.0,9.0,5.0,38.0,2.0,35.0,6.0,5.0,11.0,0.5,0.5,1.0,0.5,0.5,0.5,0.5,0.5,0.5,0.5,0.5,0.5
plot_10648,2021-04-01 18:00:00,18,0.0,0.0,1244.06,37.0,9.0,5.0,38.0,2.0,35.0,6.0,5.0,11.0,0.5,0.5,0.7293046954487553,0.5,0.5,0.5,0.5,0.5,0.5,0.5,0.5,0.5
plot_10648,2021-04-01 19:00:00,19,0.0,0.0,1248.69,37.0,9.0,5.0,38.0,2.0,35.0,6.0,5.0,11.0,0.5,0.5,0.733013947750014,0.5,0.5,0.5,0.5,0.5,0.5,0.5,0.5,0.5
plot_10648,2021-04-01 20:00:00,20,0.0,0.0,1024.58,37.0,9.0,5.0,38.0,2.0,35.0,6.0,5.0,11.0,0.5,0.5,0.5534717159497848,0.5,0.5,0.5,0.5,0.5,0.5,0.5,0.5,0.5
plot_10648,2021-04-01 21:00:00,21,0.0,0.0,915.08,37.0,9.0,5.0,38.0,2.0,35.0,6.0,5.0,11.0,0.5,0.5,0.46574749845781627,0.5,0.5,0.5,0.5,0.5,0.5,0.5,0.5,0.5
plot_10648,2021-04-01 22:00:00,22,0.0,0.0,533.53,37.0,9.0,5.0,38.0,2.0,35.0,6.0,5.0,11.0,0.5,0.5,0.16007466572666892,0.5,0.5,0.5,0.5,0.5,0.5,0.5,0.5,0.5
plot_10648,2021-04-01 23:00:00,23,0.0,0.0,513.32,37.0,9.0,5.0,38.0,2.0,35.0,6.0,5.0,11.0,0.5,0.5,0.14388373937495494,0.5,0.5,0.5,0.5,0.5,0.5,0.5,0.5,0.5
plot_10648,2021-04-02 00:00:00,0,0.0,0.0,340.94,37.0,9.0,5.0,38.0,2.0,35.0,6.0,5.0,11.0,0.5,0.5,0.00578419041362567,0.5,0.5,0.5,0.5,0.5,0.5,0.5,0.5,0.5
plot_10648,2021-04-02 01:00:00,1,0.0,0.0,346.34,37.0,9.0,5.0,38.0,2.0,35.0,6.0,5.0,11.0,0.5,0.5,0.010110316207750132,0.5,0.5,0.5,0.5,0.5,0.5,0.5,0.5,0.5
plot_10648,2021-04-02 02:00:00,2,0.0,0.0,333.72,37.0,9.0,5.0,38.0,2.0,35.0,6.0,5.0,11.0,0.5,0.5,0.0,0.5,0.5,0.5,0.5,0.5,0.5,0.5,0.5,0.5
plot_10648,2021-04-02 03:00:00,3,0.0,0.0,415.33,37.0,9.0,5.0,38.0,2.0,35.0,6.0,5.0,11.0,0.5,0.5,0.06538057889972197,0.5,0.5,0.5,0.5,0.5,0.5,0.5,0.5,0.5
plot_10648,2021-04-02 04:00:00,4,0.0,0.0,585.1,37.0,9.0,5.0,38.0,2.0,35.0,6.0,5.0,11.0,0.5,0.5,0.20138916706055773,0.5,0.5,0.5,0.5,0.5,0.5,0.5,0.5,0.5
plot_10648,2021-04-02 05:00:00,5,0.0,0.0,667.09,37.0,9.0,5.0,38.0,2.0,35.0,6.0,5.0,11.0,0.5,0.5,0.2670741770346811,0.5,0.5,0.5,0.5,0.5,0.5,0.5,0.5,0.5
plot_10650,2021-04-01 06:00:00,6,21.11,30.81,915.71,15.0,24.0,30.0,26.0,31.0,27.0,16.0,23.0,8.0,0.23478260869565212,0.5288901601830663,0.5260187676356717,0.5,0.5,0.5,0.5,0.5,0.5,0.5,0.5,0.5
plot_10650,2021-04-01 07:00:00,7,15.91,24.77,1316.17,15.0,24.0,30.0,26.0,31.0,27.0,16.0,23.0,8.0,0.07329192546583849,0.35612128146453087,0.9014277277286662,0.5,0.5,0.5,0.5,0.5,0.5,0.5,0.5,0.5
plot_10650,2021-04-01 08:00:00,8,23.82,37.28,1114.73,15.0,24.0,30.0,26.0,31.0,27.0,16.0,23.0,8.0,0.31894409937888196,0.7139588100686499,0.7125889400316857,0.5,0.5,0.5,0.5,0.5,0.5,0.5,0.5,0.5
plot_10650,2021-04-01 09:00:00,9,23.3,34.82,1008.97,15.0,24.0,30.0,26.0,31.0,27.0,16.0,23.0,8.0,0.3027950310559006,0.6435926773455377,0.6134448267134139,0.5,0.5,0.5,0.5,0.5,0.5,0.5,0.5,0.5
plot_10650,2021-04-01 10:00:00,10,19.34,12.32,1408.71,15.0,24.0,30.0,26.0,31.0,27.0,16.0,23.0,8.0,0.17981366459627324,0.0,0.988178826882154,0.5,0.5,0.5,0.5,0.5,0.5,0.5,0.5,0.5
plot_10650,2021-04-01 11:00:00,11,29.68,36.61,826.34,15.0,24.0,30.0,26.0,31.0,27.0,16.0,23.0,8.0,0.5009316770186335,0.6947940503432494,0.4422393670375822,0.5,0.5,0.5,0.5,0.5,0.5,0.5,0.5,0.5
plot_10650,2021-04-01 12:00:00,12,27.56,47.28,809.23,15.0,24.0,30.0,26.0,31.0,27.0,16.0,23.0,8.0,0.43509316770186324,1.0,0.4261996943931454,0.5,0.5,0.5,0.5,0.5,0.5,0.5,0.5,0.5
plot_10650,2021-04-01 13:00:00,13,21.55,22.83,766.54,15.0,24.0,30.0,26.0,31.0,27.0,16.0,23.0,8.0,0.24844720496894407,0.30062929061784893,0.38618019555088917,0.5,0.5,0.5,0.5,0.5,0.5,0.5,0.5,0.5
plot_10650,2021-04-01 14:00:00,14,45.75,28.64,801.49,15.0,24.0,30.0,26.0,31.0,27.0,16.0,23.0,8.0,1.0,0.4668192219679634,0.4189438752074096,0.5,0.5,0.5,0.5,0.5,0.5,0.5,0.5,0.5
plot_10650,2021-04-01 15:00:00,15,30.22,17.53,1058.1,15.0,24.0,30.0,26.0,31.0,27.0,16.0,23.0,8.0,0.5177018633540371,0.14902745995423344,0.6595014671003909,0.5,0.5,0.5,0.5,0.5,0.5,0.5,0.5,0.5
plot_10650,2021-04-01 16:00:00,16,33.36,25.14,1222.6,15.0,24.0,30.0,26.0,31.0,27.0,16.0,23.0,8.0,0.6152173913043477,0.36670480549199086,0.8137110609057587,0.5,0.5,0.5,0.5,0.5,0.5,0.5,0.5,0.5
plot_10650,2021-04-01 17:00:00,17,43.19,30.31,1383.73,15.0,24.0,30.0,26.0,31.0,27.0,16.0,23.0,8.0,0.9204968944099378,0.5145881006864989,0.9647614672878798,0.5,0.5,0.5,0.5,0.5,0.5,0.5,0.5,0.5
plot_10650,2021-04-01 18:00:00,18,30.07,37.42,1173.87,15.0,24.0,30.0,26.0,31.0,27.0,16.0,23.0,8.0,0.5130434782608695,0.7179633867276888,0.7680293982544786,0.5,0.5,0.5,0.5,0.5,0.5,0.5,0.5,0.5
plot_10650,2021-04-01 19:00:00,19,36.86,28.33,1421.32,15.0,24.0,30.0,26.0,31.0,27.0,16.0,23.0,8.0,0.7239130434782608,0.45795194508009146,1.0,0.5,0.5,0.5,0.5,0.5,0.5,0.5,0.5,0.5
plot_10650,2021-04-01 20:00:00,20,39.62,21.77,1174.62,15.0,24.0,30.0,26.0,31.0,27.0,16.0,23.0,8.0,0.8096273291925464,0.27030892448512583,0.7687324815089104,0.5,0.5,0.5,0.5,0.5,0.5,0.5,0.5,0.5
plot_10650,2021-04-01 21:00:00,21,13.55,15.16,892.49,15.0,24.0,30.0,26.0,31.0,27.0,16.0,23.0,8.0,0.0,0.08123569794050342,0.5042513100784641,0.5,0.5,0.5,0.5,0.5,0.5,0.5,0.5,0.5
plot_10650,2021-04-01 22:00:00,22,21.86,23.45,606.47,15.0,24.0,30.0,26.0,31.0,27.0,16.0,23.0,8.0,0.2580745341614906,0.31836384439359267,0.23612348016836504,0.5,0.5,0.5,0.5,0.5,0.5,0.5,0.5,0.5
plot_10650,2021-04-01 23:00:00,23,17.44,27.05,507.48,15.0,24.0,30.0,26.0,31.0,27.0,16.0,23.0,8.0,0.12080745341614907,0.4213386727688787,0.1433258650267641,0.5,0.5,0.5,0.5,0.5,0.5,0.5,0.5,0.5
plot_10650,2021-04-02 00:00:00,0,19.77,34.3,424.24,15.0,24.0,30.0,26.0,31.0,27.0,16.0,23.0,8.0,0.193167701863354,0.6287185354691075,0.06529299822823023,0.5,0.5,0.5,0.5,0.5,0.5,0.5,0.5,0.5
plot_10650,2021-04-02 01:00:00,1,20.43,28.25,354.59,15.0,24.0,30.0,26.0,31.0,27.0,16.0,23.0,8.0,0.21366459627329187,0.4556636155606407,0.0,0.5,0.5,0.5,0.5,0.5,0.5,0.5,0.5,0.5
plot_10650,2021-04-02 02:00:00,2,30.7,26.47,446.56,15.0,24.0,30.0,26.0,31.0,27.0,16.0,23.0,8.0,0.5326086956521738,0.40474828375286037,0.08621675588011964,0.5,0.5,0.5,0.5,0.5,0.5,0.5,0.5,0.5
plot_10650,2021-04-02 03:00:00,3,21.18,13.6,378.91,15.0,24.0,30.0,26.0,31.0,27.0,16.0,23.0,8.0,0.23695652173913037,0.036613272311212794,0.02279864633037418,0.5,0.5,0.5,0.5,0.5,0.5,0.5,0.5,0.5
plot_10650,2021-04-02 04:00:00,4,34.72,22.27,521.94,15.0,24.0,30.0,26.0,31.0,27.0,16.0,23.0,8.0,0.6574534161490682,0.2846109839816933,0.1568813101722086,0.5,0.5,0.5,0.5,0.5,0.5,0.5,0.5,0.5
plot_10650,2021-04-02 05:00:00,5,29.5,26.36,775.36,15.0,24.0,30.0,26.0,31.0,27.0,16.0,23.0,8.0,0.4953416149068322,0.40160183066361554,0.39444845462300676,0.5,0.5,0.5,0.5,0.5,0.5,0.5,0.5,0.5
plot_10810,2021-04-01 06:00:00,6,14.93,46.58,980.8,13.0,13.0,2.0,34.0,33.0,27.0,36.0,37.0,39.0,0.0,0.3065104166666665,0.5475545147105786,0.5,0.5,0.5,0.5,0.5,0.5,0.5,0.5,0.5
plot_10810,2021-04-01 07:00:00,7,23.14,48.89,1150.54,13.0,13.0,2.0,34.0,33.0,27.0,36.0,37.0,39.0,0.3048644634236911,0.3666666666666666,0.686545531963676,0.5,0.5,0.5,0.5,0.5,0.5,0.5,0.5,0.5
plot_10810,2021-04-01 08:00:00,8,35.97,63.01,1364.92,13.0,13.0,2.0,34.0,33.0,27.0,36.0,37.0,39.0,0.7812848124767917,0.7343749999999998,0.86208986022289,0.5,0.5,0.5,0.5,0.5,0.5,0.5,0.5,0.5
plot_10810,2021-04-01 09:00:00,9,26.85,39.19,1413.12,13.0,13.0,2.0,34.0,33.0,27.0,36.0,37.0,39.0,0.4426290382473079,0.11406249999999986,0.9015582650278815,0.5,0.5,0.5,0.5,0.5,0.5,0.5,0.5,0.5
plot_10810,2021-04-01 10:00:00,10,38.57,39.51,1128.34,13.0,13.0,2.0,34.0,33.0,27.0,36.0,37.0,39.0,0.8778314147790568,0.1223958333333332,0.6683671380493436,0.5,0.5,0.5,0.5,0.5,0.5,0.5,0.5,0.5
plot_10810,2021-04-01 11:00:00,11,25.59,58.72,976.16,13.0,13.0,2.0,34.0,33.0,27.0,36.0,37.0,39.0,0.39584106943928704,0.6226562499999998,0.5437550666131686,0.5,0.5,0.5,0.5,0.5,0.5,0.5,0.5,0.5
plot_10810,2021-04-01 12:00:00,12,24.82,52.589999999999996,919.39,13.0,13.0,2.0,34.0,33.0,27.0,36.0,37.0,39.0,0.36724842183438544,0.4630208333333331,0.49726914667998656,0.5,0.5,0.5,0.5,0.5,0.5,0.5,0.5,0.5
plot_10810,2021-04-01 13:00:00,13,32.75,51.019999999999996,706.04,13.0,13.0,2.0,34.0,33.0,27.0,36.0,37.0,39.0,0.6617155588562941,0.42213541666666643,0.3225682303906717,0.5,0.5,0.5,0.5,0.5,0.5,0.5,0.5,0.5
plot_10810,2021-04-01 14:00:00,14,19.4,53.260000000000005,706.43,13.0,13.0,2.0,34.0,33.0,27.0,36.0,37.0,39.0,0.1659858893427404,0.48046875,0.32288758055403155,0.5,0.5,0.5,0.5,0.5,0.5,0.5,0.5,0.5
plot_10810,2021-04-01 15:00:00,15,17.63,34.81,908.68,13.0,13.0,2.0,34.0,33.0,27.0,36.0,37.0,39.0,0.10025993316004453,0.0,0.4884992998861803,0.5,0.5,0.5,0.5,0.5,0.5,0.5,0.5,0.5
plot_10810,2021-04-01 16:00:00,16,29.28,40.5,1130.23,13.0,13.0,2.0,34.0,33.0,27.0,36.0,37.0,39.0,0.532862978091348,0.14817708333333326,0.6699147580717801,0.5,0.5,0.5,0.5,0.5,0.5,0.5,0.5,0.5
plot_10810,2021-04-01 17:00:00,17,41.86,49.959999999999994,1496.51,13.0,13.0,2.0,34.0,33.0,27.0,36.0,37.0,39.0,1.0,0.3945312499999997,0.9698418807268083,0.5,0.5,0.5,0.5,0.5,0.5,0.5,0.5,0.5
plot_10810,2021-04-01 18:00:00,18,27.6,73.21000000000001,1533.34,13.0,13.0,2.0,34.0,33.0,27.0,36.0,37.0,39.0,0.4704790196806536,1.0,1.0,0.5,0.5,0.5,0.5,0.5,0.5,0.5,0.5,0.5
plot_10810,2021-04-01 19:00:00,19,34.98,57.44,1283.27,13.0,13.0,2.0,34.0,33.0,27.0,36.0,37.0,39.0,0.7445228369847753,0.5893229166666665,0.7952310375604923,0.5,0.5,0.5,0.5,0.5,0.5,0.5,0.5,0.5
plot_10810,2021-04-01 20:00:00,20,40.0,41.730000000000004,1158.56,13.0,13.0,2.0,34.0,33.0,27.0,36.0,37.0,39.0,0.9309320460453027,0.18020833333333336,0.6931126814768717,0.5,0.5,0.5,0.5,0.5,0.5,0.5,0.5,0.5
plot_10810,2021-04-01 21:00:00,21,27.42,42.25,841.16,13.0,13.0,2.0,34.0,33.0,27.0,36.0,37.0,39.0,0.46379502413665064,0.19374999999999992,0.4332107792962832,0.5,0.5,0.5,0.5,0.5,0.5,0.5,0.5,0.5
plot_10810,2021-04-01 22:00:00,22,26.95,65.33,736.24,13.0,13.0,2.0,34.0,33.0,27.0,36.0,37.0,39.0,0.44634236910508723,0.7947916666666665,0.3472973968867453,0.5,0.5,0.5,0.5,0.5,0.5,0.5,0.5,0.5
plot_10810,2021-04-01 23:00:00,23,38.79,52.96,500.4,13.0,13.0,2.0,34.0,33.0,27.0,36.0,37.0,39.0,0.8860007426661716,0.4726562499999999,0.15418062117701004,0.5,0.5,0.5,0.5,0.5,0.5,0.5,0.5,0.5
plot_10810,2021-04-02 00:00:00,0,25.51,56.019999999999996,312.11,13.0,13.0,2.0,34.0,33.0,27.0,36.0,37.0,39.0,0.39287040475306356,0.5523437499999998,0.0,0.5,0.5,0.5,0.5,0.5,0.5,0.5,0.5,0.5
plot_10810,2021-04-02 01:00:00,1,26.68,56.349999999999994,371.66,13.0,13.0,2.0,34.0,33.0,27.0,36.0,37.0,39.0,0.43631637578908283,0.5609374999999998,0.04876231340533725,0.5,0.5,0.5,0.5,0.5,0.5,0.5,0.5,0.5
plot_10810,2021-04-02 02:00:00,2,34.08,42.5,397.51,13.0,13.0,2.0,34.0,33.0,27.0,36.0,37.0,39.0,0.7111028592647605,0.20026041666666658,0.06992949731008899,0.5,0.5,0.5,0.5,0.5,0.5,0.5,0.5,0.5
plot_10810,2021-04-02 03:00:00,3,27.8,49.32,420.08,13.0,13.0,2.0,34.0,33.0,27.0,36.0,37.0,39.0,0.4779056813962124,0.3778645833333332,0.08841086445632679,0.5,0.5,0.5,0.5,0.5,0.5,0.5,0.5,0.5
plot_10810,2021-04-02 04:00:00,4,16.61,38.769999999999996,473.6,13.0,13.0,2.0,34.0,33.0,27.0,36.0,37.0,39.0,0.062383958410694385,0.10312499999999983,0.1322355330281765,0.5,0.5,0.5,0.5,0.5,0.5,0.5,0.5,0.5
plot_10810,2021-04-02 05:00:00,5,38.44,40.47,681.25,13.0,13.0,2.0,34.0,33.0,27.0,36.0,37.0,39.0,0.8730040846639435,0.14739583333333323,0.30226902385300064,0.5,0.5,0.5,0.5,0.5,0.5,0.5,0.5,0.5
plot_10846,2021-04-01 06:00:00,6,27.03,30.87,845.66,38.0,35.0,24.0,30.0,14.0,15.0,21.0,11.0,1.0,0.5189259139437076,0.5422302374511572,0.44799270072992703,0.5,0.5,0.5,0.5,0.5,0.5,0.5,0.5,0.5
plot_10846,2021-04-01 07:00:00,7,39.64,25.21,1296.34,38.0,35.0,24.0,30.0,14.0,15.0,21.0,11.0,1.0,0.9268845033969589,0.37210700330628194,0.8287374966207084,0.5,0.5,0.5,0.5,0.5,0.5,0.5,0.5,0.5
plot_10846,2021-04-01 08:00:00,8,41.9,27.75,1220.74,38.0,35.0,24.0,30.0,14.0,15.0,21.0,11.0,1.0,1.0,0.4484520589119326,0.7648688834820223,0.5,0.5,0.5,0.5,0.5,0.5,0.5,0.5,0.5
plot_10846,2021-04-01 09:00:00,9,23.61,20.23,1352.1,38.0,35.0,24.0,30.0,14.0,15.0,21.0,11.0,1.0,0.40828210934972503,0.22242260294559663,0.8758448229251149,0.5,0.5,0.5,0.5,0.5,0.5,0.5,0.5,0.5
plot_10846,2021-04-01 10:00:00,10,10.99,18.07,1128.53,38.0,35.0,24.0,30.0,14.0,15.0,21.0,11.0,1.0,0.0,0.15749924857228734,0.6869677615571776,0.5,0.5,0.5,0.5,0.5,0.5,0.5,0.5,0.5
plot_10846,2021-04-01 11:00:00,11,27.46,16.08,977.6,38.0,35.0,24.0,30.0,14.0,15.0,21.0,11.0,1.0,0.5328372694920738,0.09768560264502549,0.5594586374695865,0.5,0.5,0.5,0.5,0.5,0.5,0.5,0.5,0.5
plot_10846,2021-04-01 12:00:00,12,27.99,39.16,634.71,38.0,35.0,24.0,30.0,14.0,15.0,21.0,11.0,1.0,0.5499838240051764,0.7914036669672376,0.2697773046769398,0.5,0.5,0.5,0.5,0.5,0.5,0.5,0.5,0.5
plot_10846,2021-04-01 13:00:00,13,32.71,28.37,600.69,38.0,35.0,24.0,30.0,14.0,15.0,21.0,11.0,1.0,0.7026852151407312,0.4670874661857529,0.24103642876453105,0.5,0.5,0.5,0.5,0.5,0.5,0.5,0.5,0.5
plot_10846,2021-04-01 14:00:00,14,16.16,17.68,822.88,38.0,35.0,24.0,30.0,14.0,15.0,21.0,11.0,1.0,0.16725978647686834,0.14577697625488426,0.4287476344958097,0.5,0.5,0.5,0.5,0.5,0.5,0.5,0.5,0.5
plot_10846,2021-04-01 15:00:00,15,28.67,46.1,995.48,38.0,35.0,24.0,30.0,14.0,15.0,21.0,11.0,1.0,0.5719831769653835,1.0,0.5745640713706408,0.5,0.5,0.5,0.5,0.5,0.5,0.5,0.5,0.5
plot_10846,2021-04-01 16:00:00,16,29.02,22.33,1155.98,38.0,35.0,24.0,30.0,14.0,15.0,21.0,11.0,1.0,0.5833063733419607,0.28554253080853614,0.7101581508515816,0.5,0.5,0.5,0.5,0.5,0.5,0.5,0.5,0.5
plot_10846,2021-04-01 17:00:00,17,25.2,25.12,1499.06,38.0,35.0,24.0,30.0,14.0,15.0,21.0,11.0,1.0,0.4597217728890327,0.36940186354072735,1.0,0.5,0.5,0.5,0.5,0.5,0.5,0.5,0.5,0.5
plot_10846,2021-04-01 18:00:00,18,34.57,27.22,1112.55,38.0,35.0,24.0,30.0,14.0,15.0,21.0,11.0,1.0,0.7628599158848269,0.43252179140366687,0.6734674912138416,0.5,0.5,0.5,0.5,0.5,0.5,0.5,0.5,0.5
plot_10846,2021-04-01 19:00:00,19,28.58,36.51,1469.2,38.0,35.0,24.0,30.0,14.0,15.0,21.0,11.0,1.0,0.5690714978971206,0.7117523294259092,0.9747735874560695,0.5,0.5,0.5,0.5,0.5,0.5,0.5,0.5,0.5
plot_10846,2021-04-01 20:00:00,20,37.14,35.77,1021.66,38.0,35.0,24.0,30.0,14.0,15.0,21.0,11.0,1.0,0.8460045292785506,0.6895100691313496,0.5966815355501488,0.5,0.5,0.5,0.5,0.5,0.5,0.5,0.5,0.5
plot_10846,2021-04-01 21:00:00,21,21.35,14.76,688.33,38.0,35.0,24.0,30.0,14.0,15.0,21.0,11.0,1.0,0.335166612746684,0.05801021941689208,0.31507670992160053,0.5,0.5,0.5,0.5,0.5,0.5,0.5,0.5,0.5
plot_10846,2021-04-01 22:00:00,22,19.12,25.69,738.05,38.0,35.0,24.0,30.0,14.0,15.0,21.0,11.0,1.0,0.2630216758330638,0.38653441538923955,0.3570813057583131,0.5,0.5,0.5,0.5,0.5,0.5,0.5,0.5,0.5
plot_10846,2021-04-01 23:00:00,23,26.05,27.92,456.86,38.0,35.0,24.0,30.0,14.0,15.0,21.0,11.0,1.0,0.48722096408929155,0.45356176735798015,0.11952554744525551,0.5,0.5,0.5,0.5,0.5,0.5,0.5,0.5,0.5
plot_10846,2021-04-02 00:00:00,0,37.29,32.17,361.82,38.0,35.0,24.0,30.0,14.0,15.0,21.0,11.0,1.0,0.8508573277256551,0.5813044785091674,0.03923357664233577,0.5,0.5,0.5,0.5,0.5,0.5,0.5,0.5,0.5
plot_10846,2021-04-02 01:00:00,1,25.77,22.13,357.94,38.0,35.0,24.0,30.0,14.0,15.0,21.0,11.0,1.0,0.4781624069880298,0.27953110910730383,0.03595566369288998,0.5,0.5,0.5,0.5,0.5,0.5,0.5,0.5,0.5
plot_10846,2021-04-02 02:00:00,2,32.55,24.3,315.38,38.0,35.0,24.0,30.0,14.0,15.0,21.0,11.0,1.0,0.697508896797153,0.34475503456567475,0.0,0.5,0.5,0.5,0.5,0.5,0.5,0.5,0.5,0.5
plot_10846,2021-04-02 03:00:00,3,17.23,23.84,439.24,38.0,35.0,24.0,30.0,14.0,15.0,21.0,11.0,1.0,0.2018764153995471,0.3309287646528404,0.10463976750473103,0.5,0.5,0.5,0.5,0.5,0.5,0.5,0.5,0.5
plot_10846,2021-04-02 04:00:00,4,19.07,12.83,502.24,38.0,35.0,24.0,30.0,14.0,15.0,21.0,11.0,1.0,0.2614040763506956,0.0,0.15786361178696948,0.5,0.5,0.5,0.5,0.5,0.5,0.5,0.5,0.5
plot_10846,2021-04-02 05:00:00,5,18.58,27.3,734.92,38.0,35.0,24.0,30.0,14.0,15.0,21.0,11.0,1.0,0.2455516014234875,0.43492636008415986,0.35443701000270345,0.5,0.5,0.5,0.5,0.5,0.5,0.5,0.5,0.5
plot_10847,2021-04-01 06:00:00,6,0.0,0.0,834.18,30.0,4.0,14.0,21.0,4.0,17.0,6.0,22.0,8.0,0.5,0.5,0.406337569240795,0.5,0.5,0.5,0.5,0.5,0.5,0.5,0.5,0.5
plot_10847,2021-04-01 07:00:00,7,0.0,0.0,1104.3,30.0,4.0,14.0,21.0,4.0,17.0,6.0,22.0,8.0,0.5,0.5,0.626376669925057,0.5,0.5,0.5,0.5,0.5,0.5,0.5,0.5,0.5
plot_10847,2021-04-01 08:00:00,8,0.0,0.0,1403.48,30.0,4.0,14.0,21.0,4.0,17.0,6.0,22.0,8.0,0.5,0.5,0.8700879765395895,0.5,0.5,0.5,0.5,0.5,0.5,0.5,0.5,0.5
plot_10847,2021-04-01 09:00:00,9,0.0,0.0,1465.2,30.0,4.0,14.0,21.0,4.0,17.0,6.0,22.0,8.0,0.5,0.5,0.9203649397197786,0.5,0.5,0.5,0.5,0.5,0.5,0.5,0.5,0.5
plot_10847,2021-04-01 10:00:00,10,0.0,0.0,1382.25,30.0,4.0,14.0,21.0,4.0,17.0,6.0,22.0,8.0,0.5,0.5,0.8527940697295535,0.5,0.5,0.5,0.5,0.5,0.5,0.5,0.5,0.5
plot_10847,2021-04-01 11:00:00,11,0.0,0.0,788.89,30.0,4.0,14.0,21.0,4.0,17.0,6.0,22.0,8.0,0.5,0.5,0.36944444444444446,0.5,0.5,0.5,0.5,0.5,0.5,0.5,0.5,0.5
plot_10847,2021-04-01 12:00:00,12,0.0,0.0,792.72,30.0,4.0,14.0,21.0,4.0,17.0,6.0,22.0,8.0,0.5,0.5,0.37256435320951453,0.5,0.5,0.5,0.5,0.5,0.5,0.5,0.5,0.5
plot_10847,2021-04-01 13:00:00,13,0.0,0.0,617.35,30.0,4.0,14.0,21.0,4.0,17.0,6.0,22.0,8.0,0.5,0.5,0.2297083740632128,0.5,0.5,0.5,0.5,0.5,0.5,0.5,0.5,0.5
plot_10847,2021-04-01 14:00:00,14,0.0,0.0,654.47,30.0,4.0,14.0,21.0,4.0,17.0,6.0,22.0,8.0,0.5,0.5,0.25994623655913984,0.5,0.5,0.5,0.5,0.5,0.5,0.5,0.5,0.5
plot_10847,2021-04-01 15:00:00,15,0.0,0.0,878.75,30.0,4.0,14.0,21.0,4.0,17.0,6.0,22.0,8.0,0.5,0.5,0.44264418377321607,0.5,0.5,0.5,0.5,0.5,0.5,0.5,0.5,0.5
plot_10847,2021-04-01 16:00:00,16,0.0,0.0,1016.16,30.0,4.0,14.0,21.0,4.0,17.0,6.0,22.0,8.0,0.5,0.5,0.5545780384490062,0.5,0.5,0.5,0.5,0.5,0.5,0.5,0.5,0.5
plot_10847,2021-04-01 17:00:00,17,0.0,0.0,1562.96,30.0,4.0,14.0,21.0,4.0,17.0,6.0,22.0,8.0,0.5,0.5,1.0,0.5,0.5,0.5,0.5,0.5,0.5,0.5,0.5,0.5
plot_10847,2021-04-01 18:00:00,18,0.0,0.0,1313.12,30.0,4.0,14.0,21.0,4.0,17.0,6.0,22.0,8.0,0.5,0.5,0.7964809384164222,0.5,0.5,0.5,0.5,0.5,0.5,0.5,0.5,0.5
plot_10847,2021-04-01 19:00:00,19,0.0,0.0,1352.85,30.0,4.0,14.0,21.0,4.0,17.0,6.0,22.0,8.0,0.5,0.5,0.8288449006190941,0.5,0.5,0.5,0.5,0.5,0.5,0.5,0.5,0.5
plot_10847,2021-04-01 20:00:00,20,0.0,0.0,1049.25,30.0,4.0,14.0,21.0,4.0,17.0,6.0,22.0,8.0,0.5,0.5,0.581533072662105,0.5,0.5,0.5,0.5,0.5,0.5,0.5,0.5,0.5
plot_10847,2021-04-01 21:00:00,21,0.0,0.0,944.8,30.0,4.0,14.0,21.0,4.0,17.0,6.0,22.0,8.0,0.5,0.5,0.4964483545128706,0.5,0.5,0.5,0.5,0.5,0.5,0.5,0.5,0.5
plot_10847,2021-04-01 22:00:00,22,0.0,0.0,550.48,30.0,4.0,14.0,21.0,4.0,17.0,6.0,22.0,8.0,0.5,0.5,0.17523623330074944,0.5,0.5,0.5,0.5,0.5,0.5,0.5,0.5,0.5
plot_10847,2021-04-01 23:00:00,23,0.0,0.0,483.7,30.0,4.0,14.0,21.0,4.0,17.0,6.0,22.0,8.0,0.5,0.5,0.12083740632127728,0.5,0.5,0.5,0.5,0.5,0.5,0.5,0.5,0.5
plot_10847,2021-04-02 00:00:00,0,0.0,0.0,369.22,30.0,4.0,14.0,21.0,4.0,17.0,6.0,22.0,8.0,0.5,0.5,0.027582274356467918,0.5,0.5,0.5,0.5,0.5,0.5,0.5,0.5,0.5
plot_10847,2021-04-02 01:00:00,1,0.0,0.0,335.36,30.0,4.0,14.0,21.0,4.0,17.0,6.0,22.0,8.0,0.5,0.5,0.0,0.5,0.5,0.5,0.5,0.5,0.5,0.5,0.5,0.5
plot_10847,2021-04-02 02:00:00,2,0.0,0.0,353.07,30.0,4.0,14.0,21.0,4.0,17.0,6.0,22.0,8.0,0.5,0.5,0.014426523297491023,0.5,0.5,0.5,0.5,0.5,0.5,0.5,0.5,0.5
plot_10847,2021-04-02 03:00:00,3,0.0,0.0,409.36,30.0,4.0,14.0,21.0,4.0,17.0,6.0,22.0,8.0,0.5,0.5,0.060280221570544155,0.5,0.5,0.5,0.5,0.5,0.5,0.5,0.5,0.5
plot_10847,2021-04-02 04:00:00,4,0.0,0.0,473.55,30.0,4.0,14.0,21.0,4.0,17.0,6.0,22.0,8.0,0.5,0.5,0.11256924079504725,0.5,0.5,0.5,0.5,0.5,0.5,0.5,0.5,0.5
plot_10847,2021-04-02 05:00:00,5,0.0,0.0,633.49,30.0,4.0,14.0,21.0,4.0,17.0,6.0,22.0,8.0,0.5,0.5,0.24285597914630175,0.5,0.5,0.5,0.5,0.5,0.5,0.5,0.5,0.5
plot_10848,2021-04-01 06:00:00,6,0.0,18.05,0.0,0.0,0.0,0.0,0.0,0.0,0.0,0.0,0.0,0.0,0.5,0.13526392961876837,0.5,0.5,0.5,0.5,0.5,0.5,0.5,0.5,0.5,0.5
plot_10848,2021-04-01 07:00:00,7,0.0,38.94,0.0,0.0,0.0,0.0,0.0,0.0,0.0,0.0,0.0,0.0,0.5,0.9010263929618767,0.5,0.5,0.5,0.5,0.5,0.5,0.5,0.5,0.5,0.5
plot_10848,2021-04-01 08:00:00,8,0.0,14.36,0.0,0.0,0.0,0.0,0.0,0.0,0.0,0.0,0.0,0.0,0.5,0.0,0.5,0.5,0.5,0.5,0.5,0.5,0.5,0.5,0.5,0.5
plot_10848,2021-04-01 09:00:00,9,0.0,21.54,0.0,0.0,0.0,0.0,0.0,0.0,0.0,0.0,0.0,0.0,0.5,0.2631964809384164,0.5,0.5,0.5,0.5,0.5,0.5,0.5,0.5,0.5,0.5
plot_10848,2021-04-01 10:00:00,10,0.0,17.0,0.0,0.0,0.0,0.0,0.0,0.0,0.0,0.0,0.0,0.0,0.5,0.09677419354838711,0.5,0.5,0.5,0.5,0.5,0.5,0.5,0.5,0.5,0.5
plot_10848,2021-04-01 11:00:00,11,0.0,29.4,0.0,0.0,0.0,0.0,0.0,0.0,0.0,0.0,0.0,0.0,0.5,0.5513196480938416,0.5,0.5,0.5,0.5,0.5,0.5,0.5,0.5,0.5,0.5
plot_10848,2021-04-01 12:00:00,12,0.0,24.27,0.0,0.0,0.0,0.0,0.0,0.0,0.0,0.0,0.0,0.0,0.5,0.36326979472140764,0.5,0.5,0.5,0.5,0.5,0.5,0.5,0.5,0.5,0.5
plot_10848,2021-04-01 13:00:00,13,0.0,41.64,0.0,0.0,0.0,0.0,0.0,0.0,0.0,0.0,0.0,0.0,0.5,1.0,0.5,0.5,0.5,0.5,0.5,0.5,0.5,0.5,0.5,0.5
plot_10848,2021-04-01 14:00:00,14,0.0,27.21,0.0,0.0,0.0,0.0,0.0,0.0,0.0,0.0,0.0,0.0,0.5,0.4710410557184751,0.5,0.5,0.5,0.5,0.5,0.5,0.5,0.5,0.5,0.5
plot_10848,2021-04-01 15:00:00,15,0.0,30.02,0.0,0.0,0.0,0.0,0.0,0.0,0.0,0.0,0.0,0.0,0.5,0.5740469208211143,0.5,0.5,0.5,0.5,0.5,0.5,0.5,0.5,0.5,0.5
plot_10848,2021-04-01 16:00:00,16,0.0,27.36,0.0,0.0,0.0,0.0,0.0,0.0,0.0,0.0,0.0,0.0,0.5,0.4765395894428152,0.5,0.5,0.5,0.5,0.5,0.5,0.5,0.5,0.5,0.5
plot_10848,2021-04-01 17:00:00,17,0.0,25.62,0.0,0.0,0.0,0.0,0.0,0.0,0.0,0.0,0.0,0.0,0.5,0.41275659824046923,0.5,0.5,0.5,0.5,0.5,0.5,0.5,0.5,0.5,0.5
plot_10848,2021-04-01 18:00:00,18,0.0,19.26,0.0,0.0,0.0,0.0,0.0,0.0,0.0,0.0,0.0,0.0,0.5,0.1796187683284458,0.5,0.5,0.5,0.5,0.5,0.5,0.5,0.5,0.5,0.5
plot_10848,2021-04-01 19:00:00,19,0.0,36.32,0.0,0.0,0.0,0.0,0.0,0.0,0.0,0.0,0.0,0.0,0.5,0.8049853372434017,0.5,0.5,0.5,0.5,0.5,0.5,0.5,0.5,0.5,0.5
plot_10848,2021-04-01 20:00:00,20,0.0,25.73,0.0,0.0,0.0,0.0,0.0,0.0,0.0,0.0,0.0,0.0,0.5,0.41678885630498536,0.5,0.5,0.5,0.5,0.5,0.5,0.5,0.5,0.5,0.5
plot_10848,2021-04-01 21:00:00,21,0.0,28.22,0.0,0.0,0.0,0.0,0.0,0.0,0.0,0.0,0.0,0.0,0.5,0.5080645161290323,0.5,0.5,0.5,0.5,0.5,0.5,0.5,0.5,0.5,0.5
plot_10848,2021-04-01 22:00:00,22,0.0,21.57,0.0,0.0,0.0,0.0,0.0,0.0,0.0,0.0,0.0,0.0,0.5,0.2642961876832845,0.5,0.5,0.5,0.5,0.5,0.5,0.5,0.5,0.5,0.5
plot_10848,2021-04-01 23:00:00,23,0.0,32.22,0.0,0.0,0.0,0.0,0.0,0.0,0.0,0.0,0.0,0.0,0.5,0.6546920821114369,0.5,0.5,0.5,0.5,0.5,0.5,0.5,0.5,0.5,0.5
plot_10848,2021-04-02 00:00:00,0,0.0,23.59,0.0,0.0,0.0,0.0,0.0,0.0,0.0,0.0,0.0,0.0,0.5,0.3383431085043988,0.5,0.5,0.5,0.5,0.5,0.5,0.5,0.5,0.5,0.5
plot_10848,2021-04-02 01:00:00,1,0.0,21.46,0.0,0.0,0.0,0.0,0.0,0.0,0.0,0.0,0.0,0.0,0.5,0.2602639296187684,0.5,0.5,0.5,0.5,0.5,0.5,0.5,0.5,0.5,0.5
plot_10848,2021-04-02 02:00:00,2,0.0,24.77,0.0,0.0,0.0,0.0,0.0,0.0,0.0,0.0,0.0,0.0,0.5,0.3815982404692082,0.5,0.5,0.5,0.5,0.5,0.5,0.5,0.5,0.5,0.5
plot_10848,2021-04-02 03:00:00,3,0.0,30.97,0.0,0.0,0.0,0.0,0.0,0.0,0.0,0.0,0.0,0.0,0.5,0.6088709677419354,0.5,0.5,0.5,0.5,0.5,0.5,0.5,0.5,0.5,0.5
plot_10848,2021-04-02 04:00:00,4,0.0,25.01,0.0,0.0,0.0,0.0,0.0,0.0,0.0,0.0,0.0,0.0,0.5,0.39039589442815253,0.5,0.5,0.5,0.5,0.5,0.5,0.5,0.5,0.5,0.5
plot_10848,2021-04-02 05:00:00,5,0.0,20.72,0.0,0.0,0.0,0.0,0.0,0.0,0.0,0.0,0.0,0.0,0.5,0.23313782991202342,0.5,0.5,0.5,0.5,0.5,0.5,0.5,0.5,0.5,0.5
plot_10849,2021-04-01 06:00:00,6,16.51,0.0,895.19,16.0,29.0,11.0,28.0,24.0,17.0,29.0,34.0,38.0,0.13665158371040725,0.5,0.51923708139277,0.5,0.5,0.5,0.5,0.5,0.5,0.5,0.5,0.5
plot_10849,2021-04-01 07:00:00,7,24.4,0.0,1258.82,16.0,29.0,11.0,28.0,24.0,17.0,29.0,34.0,38.0,0.3746606334841628,0.5,0.8418185850521179,0.5,0.5,0.5,0.5,0.5,0.5,0.5,0.5,0.5
plot_10849,2021-04-01 08:00:00,8,11.98,0.0,1125.04,16.0,29.0,11.0,28.0,24.0,17.0,29.0,34.0,38.0,0.0,0.5,0.7231403858948768,0.5,0.5,0.5,0.5,0.5,0.5,0.5,0.5,0.5
plot_10849,2021-04-01 09:00:00,9,30.43,0.0,1437.13,16.0,29.0,11.0,28.0,24.0,17.0,29.0,34.0,38.0,0.5565610859728506,0.5,1.0,0.5,0.5,0.5,0.5,0.5,0.5,0.5,0.5,0.5
plot_10849,2021-04-01 10:00:00,10,21.46,0.0,1244.75,16.0,29.0,11.0,28.0,24.0,17.0,29.0,34.0,38.0,0.285972850678733,0.5,0.8293368817919716,0.5,0.5,0.5,0.5,0.5,0.5,0.5,0.5,0.5
plot_10849,2021-04-01 11:00:00,11,21.53,0.0,1126.71,16.0,29.0,11.0,28.0,24.0,17.0,29.0,34.0,38.0,0.28808446455505277,0.5,0.7246218673763585,0.5,0.5,0.5,0.5,0.5,0.5,0.5,0.5,0.5
plot_10849,2021-04-01 12:00:00,12,20.48,0.0,748.04,16.0,29.0,11.0,28.0,24.0,17.0,29.0,34.0,38.0,0.2564102564102564,0.5,0.38869815923708134,0.5,0.5,0.5,0.5,0.5,0.5,0.5,0.5,0.5
plot_10849,2021-04-01 13:00:00,13,24.89,0.0,669.63,16.0,29.0,11.0,28.0,24.0,17.0,29.0,34.0,38.0,0.38944193061840116,0.5,0.31913949878021736,0.5,0.5,0.5,0.5,0.5,0.5,0.5,0.5,0.5
plot_10849,2021-04-01 14:00:00,14,20.1,0.0,608.56,16.0,29.0,11.0,28.0,24.0,17.0,29.0,34.0,38.0,0.244947209653092,0.5,0.2649634065202927,0.5,0.5,0.5,0.5,0.5,0.5,0.5,0.5,0.5
plot_10849,2021-04-01 15:00:00,15,40.79,0.0,883.31,16.0,29.0,11.0,28.0,24.0,17.0,29.0,34.0,38.0,0.8690799396681748,0.5,0.5086981592370814,0.5,0.5,0.5,0.5,0.5,0.5,0.5,0.5,0.5
plot_10849,2021-04-01 16:00:00,16,23.44,0.0,1145.21,16.0,29.0,11.0,28.0,24.0,17.0,29.0,34.0,38.0,0.34570135746606334,0.5,0.7410334885783988,0.5,0.5,0.5,0.5,0.5,0.5,0.5,0.5,0.5
plot_10849,2021-04-01 17:00:00,17,45.13,0.0,1331.15,16.0,29.0,11.0,28.0,24.0,17.0,29.0,34.0,38.0,1.0,0.5,0.905983588378798,0.5,0.5,0.5,0.5,0.5,0.5,0.5,0.5,0.5
plot_10849,2021-04-01 18:00:00,18,14.12,0.0,1418.31,16.0,29.0,11.0,28.0,24.0,17.0,29.0,34.0,38.0,0.06455505279034686,0.5,0.9833045021068971,0.5,0.5,0.5,0.5,0.5,0.5,0.5,0.5,0.5
plot_10849,2021-04-01 19:00:00,19,20.86,0.0,1357.77,16.0,29.0,11.0,28.0,24.0,17.0,29.0,34.0,38.0,0.26787330316742075,0.5,0.9295985806165445,0.5,0.5,0.5,0.5,0.5,0.5,0.5,0.5,0.5
plot_10849,2021-04-01 20:00:00,20,19.72,0.0,1206.14,16.0,29.0,11.0,28.0,24.0,17.0,29.0,34.0,38.0,0.23348416289592752,0.5,0.7950853847859837,0.5,0.5,0.5,0.5,0.5,0.5,0.5,0.5,0.5
plot_10849,2021-04-01 21:00:00,21,40.72,0.0,782.45,16.0,29.0,11.0,28.0,24.0,17.0,29.0,34.0,38.0,0.866968325791855,0.5,0.4192237746728765,0.5,0.5,0.5,0.5,0.5,0.5,0.5,0.5,0.5
plot_10849,2021-04-01 22:00:00,22,22.45,0.0,685.56,16.0,29.0,11.0,28.0,24.0,17.0,29.0,34.0,38.0,0.3158371040723981,0.5,0.3332712353071634,0.5,0.5,0.5,0.5,0.5,0.5,0.5,0.5,0.5
plot_10849,2021-04-01 23:00:00,23,26.01,0.0,585.62,16.0,29.0,11.0,28.0,24.0,17.0,29.0,34.0,38.0,0.4232277526395173,0.5,0.2446129962297627,0.5,0.5,0.5,0.5,0.5,0.5,0.5,0.5,0.5
plot_10849,2021-04-02 00:00:00,0,14.75,0.0,411.36,16.0,29.0,11.0,28.0,24.0,17.0,29.0,34.0,38.0,0.0835595776772247,0.5,0.09002439565313819,0.5,0.5,0.5,0.5,0.5,0.5,0.5,0.5,0.5
plot_10849,2021-04-02 01:00:00,1,30.83,0.0,309.88,16.0,29.0,11.0,28.0,24.0,17.0,29.0,34.0,38.0,0.568627450980392,0.5,0.0,0.5,0.5,0.5,0.5,0.5,0.5,0.5,0.5,0.5
plot_10849,2021-04-02 02:00:00,2,24.05,0.0,372.48,16.0,29.0,11.0,28.0,24.0,17.0,29.0,34.0,38.0,0.36410256410256403,0.5,0.055533377689066334,0.5,0.5,0.5,0.5,0.5,0.5,0.5,0.5,0.5
plot_10849,2021-04-02 03:00:00,3,18.43,0.0,389.55,16.0,29.0,11.0,28.0,24.0,17.0,29.0,34.0,38.0,0.19457013574660628,0.5,0.07067642492792195,0.5,0.5,0.5,0.5,0.5,0.5,0.5,0.5,0.5
plot_10849,2021-04-02 04:00:00,4,14.16,0.0,477.59,16.0,29.0,11.0,28.0,24.0,17.0,29.0,34.0,38.0,0.06576168929110103,0.5,0.14877799955644266,0.5,0.5,0.5,0.5,0.5,0.5,0.5,0.5,0.5
plot_10849,2021-04-02 05:00:00,5,12.32,0.0,710.63,16.0,29.0,11.0,28.0,24.0,17.0,29.0,34.0,38.0,0.010256410256410251,0.5,0.35551119982257706,0.5,0.5,0.5,0.5,0.5,0.5,0.5,0.5,0.5
