unit_id,network_layer,function_type,probability,gap_score,stitch_score,fit_score,compatibility_weight,raw_score
plot_11995,walk,__network_total__,0.7104893069067316,,0.6348702646504839,,,0.08538112227229405
plot_11995,walk,life_service,0.3966410885607931,0.1092360462928538,0.6348702646504839,0.6873074554930515,1.0,0.04766526526354963
plot_11995,walk,public_activity,0.21055139942980258,0.11367455549728643,0.6348702646504839,0.36905457101889544,0.95,0.025302442421809054
plot_11995,walk,community_living,0.06606589676242998,0.08172169216495663,0.6348702646504839,0.24681276679211656,0.62,0.007939289662303495
plot_11995,walk,productive_mix,0.037230922153706034,0.08087471884506443,0.6348702646504839,0.24205153154319206,0.36,0.004474124924631878
plot_11995,slow,__network_total__,0.16533249936775465,,0.15413221407723576,,,0.019868383952969654
plot_11995,slow,life_service,0.07511051408570651,0.1092360462928538,0.15413221407723576,0.6873074554930515,0.78,0.009026201977630089
plot_11995,slow,public_activity,0.04627446524896459,0.11367455549728643,0.15413221407723576,0.36905457101889544,0.86,0.005560908147524766
plot_11995,slow,community_living,0.025869859814276044,0.08172169216495663,0.15413221407723576,0.24681276679211656,1.0,0.003108840122571705
plot_11995,slow,productive_mix,0.018077660218807492,0.08087471884506443,0.15413221407723576,0.24205153154319206,0.72,0.0021724337052430936
plot_11995,fast,__network_total__,0.12417819372551382,,0.22322647992857755,,,0.01492277707625308
plot_11995,fast,life_service,0.03904958807938292,0.1092360462928538,0.22322647992857755,0.6873074554930515,0.28,0.004692678161483136
plot_11995,fast,public_activity,0.040522720583510516,0.11367455549728643,0.22322647992857755,0.36905457101889544,0.52,0.004869707858109831
plot_11995,fast,community_living,0.008242691581218852,0.08172169216495663,0.22322647992857755,0.24681276679211656,0.22,0.0009905430678652592
plot_11995,fast,productive_mix,0.036363193481401546,0.08087471884506443,0.22322647992857755,0.24205153154319206,1.0,0.004369847988794855
plot_12068,walk,__network_total__,0.7688193768864093,,0.35915396048948056,,,0.03051897432968912
plot_12068,walk,life_service,0.40862524404078165,0.11770431679706284,0.35915396048948056,0.38370526256125703,1.0,0.016220745350940983
plot_12068,walk,public_activity,0.23321424896018592,0.12208410117692906,0.35915396048948056,0.22224772270481682,0.95,0.009257648664057051
plot_12068,walk,community_living,0.08988291680209991,0.08856314513123416,0.35915396048948056,0.18092450378151245,0.62,0.0035679829528622296
plot_12068,walk,productive_mix,0.03709696708334182,0.08326003274694081,0.35915396048948056,0.13679312786323913,0.36,0.001472597361828856
plot_12068,slow,__network_total__,0.11176939240292388,,0.053593660204034915,,,0.004436786220716913
plot_12068,slow,life_service,0.04756117268218754,0.11770431679706284,0.053593660204034915,0.38370526256125703,0.78,0.0018879833831139904
plot_12068,slow,public_activity,0.03150378144814009,0.12208410117692906,0.053593660204034915,0.22224772270481682,0.86,0.0012505708443479786
plot_12068,slow,community_living,0.02163307352553746,0.08856314513123416,0.053593660204034915,0.18092450378151245,1.0,0.0008587442453283802
plot_12068,slow,productive_mix,0.011071364747058788,0.08326003274694081,0.053593660204034915,0.13679312786323913,0.72,0.00043948774792656396
plot_12068,fast,__network_total__,0.11941123071066694,,0.11375557069223166,,,0.0047401358424319015
plot_12068,fast,life_service,0.03623891930940421,0.11770431679706284,0.11375557069223166,0.38370526256125703,0.28,0.0014385363862945235
plot_12068,fast,public_activity,0.0404321497897664,0.12208410117692906,0.11375557069223166,0.22224772270481682,0.52,0.0016049904289942708
plot_12068,fast,community_living,0.010101832481272378,0.08856314513123416,0.11375557069223166,0.18092450378151245,0.22,0.00040100129555439325
plot_12068,fast,productive_mix,0.03263832913022395,0.08326003274694081,0.11375557069223166,0.13679312786323913,1.0,0.0012956077315887141
plot_8231,walk,__network_total__,0.7276744113384394,,0.46653687964568535,,,0.04205260865511676
plot_8231,walk,life_service,0.35902091449221063,0.11271169467719892,0.46653687964568535,0.39456687954141567,1.0,0.02074796884553515
plot_8231,walk,public_activity,0.24085660360937716,0.11640722592821592,0.46653687964568535,0.26978939294195237,0.95,0.013919203885369158
plot_8231,walk,community_living,0.10847213061743954,0.08381831777632416,0.46653687964568535,0.2585576541886151,0.62,0.006268649807888237
plot_8231,walk,productive_mix,0.01932476261941212,0.07919987511660964,0.46653687964568535,0.0839570225471282,0.36,0.0011167861163242177
plot_8231,slow,__network_total__,0.18874560278895997,,0.12373095597136975,,,0.010907687347228507
plot_8231,slow,life_service,0.07426885689745923,0.11271169467719892,0.12373095597136975,0.39456687954141567,0.78,0.004292028310610926
plot_8231,slow,public_activity,0.05782635152635627,0.11640722592821592,0.12373095597136975,0.26978939294195237,0.86,0.003341809046463878
plot_8231,slow,community_living,0.04640009494771977,0.08381831777632416,0.12373095597136975,0.2585576541886151,1.0,0.0026814808985899615
plot_8231,slow,productive_mix,0.010250299417424702,0.07919987511660964,0.12373095597136975,0.0839570225471282,0.72,0.0005923690915637423
plot_8231,fast,__network_total__,0.08357998587260061,,0.1201514987897095,,,0.004830122349411511
plot_8231,fast,life_service,0.02588934079903506,0.11271169467719892,0.1201514987897095,0.39456687954141567,0.28,0.0014961558356274413
plot_8231,fast,public_activity,0.03395326230451775,0.11640722592821592,0.1201514987897095,0.26978939294195237,0.52,0.0019621732329850143
plot_8231,fast,community_living,0.009912709392737109,0.08381831777632416,0.1201514987897095,0.2585576541886151,0.22,0.0005728596228056664
plot_8231,fast,productive_mix,0.013824673376310699,0.07919987511660964,0.1201514987897095,0.0839570225471282,1.0,0.0007989336579933892
plot_11994,walk,__network_total__,0.3590666931370286,,0.4443725723150116,,,0.060068800801330466
plot_11994,walk,life_service,0.16610015034470996,0.11968294916049123,0.4443725723150116,0.5224735840290161,1.0,0.02778714103766732
plot_11994,walk,public_activity,0.09797954658193365,0.1262467432084147,0.4443725723150116,0.3075517701724579,0.95,0.016391143981680296
plot_11994,walk,community_living,0.04349398747280654,0.09163861392864293,0.4443725723150116,0.2881944534993822,0.62,0.0072761738125416585
plot_11994,walk,productive_mix,0.05149300873757842,0.08671349397165341,0.4443725723150116,0.6209915294832793,0.36,0.008614341969441193
plot_11994,slow,__network_total__,0.4924762725448165,,0.5591386339804121,,,0.08238708763663281
plot_11994,slow,life_service,0.16301849669389454,0.11968294916049123,0.5591386339804121,0.5224735840290161,0.78,0.027271606617940782
plot_11994,slow,public_activity,0.11160471093613299,0.1262467432084147,0.5591386339804121,0.3075517701724579,0.86,0.018670517978547917
plot_11994,slow,community_living,0.08826932208801151,0.09163861392864293,0.5591386339804121,0.2881944534993822,1.0,0.014766706093092802
plot_11994,slow,productive_mix,0.12958374282677748,0.08671349397165341,0.5591386339804121,0.6209915294832793,0.72,0.021678256947051312
plot_11994,fast,__network_total__,0.14845703431815477,,0.2550969907845386,,,0.024835597933363127
plot_11994,fast,life_service,0.02669845603722875,0.11968294916049123,0.2550969907845386,0.5224735840290161,0.28,0.004466424394287512
plot_11994,fast,public_activity,0.030787416982727696,0.1262467432084147,0.2550969907845386,0.3075517701724579,0.52,0.005150472748574334
plot_11994,fast,community_living,0.008859685517075163,0.09163861392864293,0.2550969907845386,0.2881944534993822,0.22,0.0014821499589340178
plot_11994,fast,productive_mix,0.08211147578112314,0.08671349397165341,0.2550969907845386,0.6209915294832793,1.0,0.013736550831567263
plot_17062,walk,__network_total__,0.5022300259578872,,0.7319081704740994,,,0.12612446641369604
plot_17062,walk,life_service,0.2259119858005172,0.1248895860220387,0.7319081704740994,0.6206590896605501,1.0,0.056733025093839956
plot_17062,walk,public_activity,0.1642324193922201,0.13359658807090244,0.7319081704740994,0.44399695499445446,0.95,0.04124350435672874
plot_17062,walk,community_living,0.07016542892393338,0.0954729646968009,0.7319081704740994,0.4067159077205205,0.62,0.01762056592861149
plot_17062,walk,productive_mix,0.04192019184121643,0.09004903883920579,0.7319081704740994,0.4436921571825322,0.36,0.010527371034515834
plot_17062,slow,__network_total__,0.4291596495464804,,0.6018552593805641,,,0.10777438426167954
plot_17062,slow,life_service,0.1449003186342335,0.1248895860220387,0.6018552593805641,0.6206590896605501,0.78,0.03638865544938499
plot_17062,slow,public_activity,0.12225572385795859,0.13359658807090244,0.6018552593805641,0.44399695499445446,0.86,0.030701943612782206
plot_17062,slow,community_living,0.09306083813415045,0.0954729646968009,0.6018552593805641,0.4067159077205205,1.0,0.023370264514342775
plot_17062,slow,productive_mix,0.06894276892013779,0.09004903883920579,0.6018552593805641,0.4436921571825322,0.72,0.01731352068516956
plot_17062,fast,__network_total__,0.06861032449563265,,0.1705181163806595,,,0.01723003428753145
plot_17062,fast,life_service,0.014737073030949142,0.1248895860220387,0.1705181163806595,0.6206590896605501,0.28,0.003700904717879186
plot_17062,fast,public_activity,0.0209436591051767,0.13359658807090244,0.1705181163806595,0.44399695499445446,0.52,0.005259557758126259
plot_17062,fast,community_living,0.005800535739489978,0.0954729646968009,0.1705181163806595,0.4067159077205205,0.22,0.0014566820724456091
plot_17062,fast,productive_mix,0.027129056620016825,0.09004903883920579,0.1705181163806595,0.4436921571825322,1.0,0.006812889739080395
plot_16703,walk,__network_total__,0.5038535561388523,,0.7998392686797811,,,0.15750244432354635
plot_16703,walk,life_service,0.22694388905140675,0.12483855197111848,0.7998392686797811,0.7104769915372346,1.0,0.07094167901444334
plot_16703,walk,public_activity,0.18338874230435986,0.13417347239682284,0.7998392686797811,0.5622929716046393,0.95,0.05732652835816784
plot_16703,walk,community_living,0.06316534648189678,0.09560827551540048,0.7998392686797811,0.4164587162042316,0.62,0.019745214350934924
plot_16703,walk,productive_mix,0.030355578301188887,0.09065595865403027,0.7998392686797811,0.36351296348167356,0.36,0.00948902260000023
plot_16703,slow,__network_total__,0.42923403048548797,,0.6790016988021369,,,0.13417670306107995
plot_16703,slow,life_service,0.15027309603510103,0.12483855197111848,0.6790016988021369,0.7104769915372346,0.78,0.04697472043855712
plot_16703,slow,public_activity,0.1409339605040628,0.13417347239682284,0.6790016988021369,0.5622929716046393,0.86,0.044055347029188854
plot_16703,slow,community_living,0.08648789592968723,0.09560827551540048,0.6790016988021369,0.4164587162042316,1.0,0.02703574252351264
plot_16703,slow,productive_mix,0.051539078016636944,0.09065595865403027,0.6790016988021369,0.36351296348167356,0.72,0.016110893069821337
plot_16703,fast,__network_total__,0.06691241337565954,,0.19773577433562084,,,0.020916531269553302
plot_16703,fast,life_service,0.015709380208086834,0.12483855197111848,0.19773577433562084,0.7104769915372346,0.28,0.004910684367383442
plot_16703,fast,public_activity,0.024816180370836823,0.13417347239682284,0.19773577433562084,0.5622929716046393,0.52,0.007757430744626268
plot_16703,fast,community_living,0.005541054230860966,0.09560827551540048,0.19773577433562084,0.4164587162042316,0.22,0.001732109607755597
plot_16703,fast,productive_mix,0.020845798565874925,0.09065595865403027,0.19773577433562084,0.36351296348167356,1.0,0.006516306549787997
plot_19199,walk,__network_total__,0.40157371942063885,,0.5792779523500742,,,0.10724858350711171
plot_19199,walk,life_service,0.139253062871163,0.12200223772517682,0.5792779523500742,0.5262307743171996,1.0,0.037190416154487614
plot_19199,walk,public_activity,0.14205186900405745,0.12723617122891384,0.5792779523500742,0.5418162641692915,0.95,0.03793789533140438
plot_19199,walk,community_living,0.0909001032151811,0.09139104279371404,0.5792779523500742,0.7396194724411904,0.62,0.02427675626916879
plot_19199,walk,productive_mix,0.02936868433023727,0.08372273932630078,0.5792779523500742,0.4492394050336448,0.36,0.007843515752050913
plot_19199,slow,__network_total__,0.4787069877826124,,0.6265886115228714,,,0.12784862124123045
plot_19199,slow,life_service,0.11748836410810731,0.12200223772517682,0.6265886115228714,0.5262307743171996,0.78,0.03137770232409958
plot_19199,slow,public_activity,0.1390968503063081,0.12723617122891384,0.6265886115228714,0.5418162641692915,0.86,0.03714869635187983
plot_19199,slow,community_living,0.158587219490973,0.09139104279371404,0.6265886115228714,0.7396194724411904,1.0,0.0423540033378592
plot_19199,slow,productive_mix,0.06353455387722395,0.08372273932630078,0.6265886115228714,0.4492394050336448,0.72,0.01696821922739184
plot_19199,fast,__network_total__,0.11971929279674874,,0.30076637624105373,,,0.03197351806151229
plot_19199,fast,life_service,0.020244407543024544,0.12200223772517682,0.30076637624105373,0.5262307743171996,0.28,0.005406688555372834
plot_19199,fast,public_activity,0.040370950488768424,0.12723617122891384,0.30076637624105373,0.5418162641692915,0.52,0.01078189892755623
plot_19199,fast,community_living,0.016747024344847636,0.09139104279371404,0.30076637624105373,0.7396194724411904,0.22,0.004472639896692687
plot_19199,fast,productive_mix,0.04235691042010817,0.08372273932630078,0.30076637624105373,0.4492394050336448,1.0,0.011312290681890543
plot_7640,walk,__network_total__,0.4531728934264482,,0.7040891793055223,,,0.11325957913631708
plot_7640,walk,life_service,0.1916161141689346,0.12007204162818409,0.7040891793055223,0.5664655231521275,1.0,0.04788980268086666
plot_7640,walk,public_activity,0.132448228619165,0.12496034158513208,0.7040891793055223,0.39603511438118005,0.95,0.0331022240040314
plot_7640,walk,community_living,0.09899331862376393,0.08939545727657827,0.7040891793055223,0.6339895402755025,0.62,0.024740980246768858
plot_7640,walk,productive_mix,0.030115232014584666,0.08007312131830663,0.7040891793055223,0.3708346471266263,0.36,0.007526572204650177
plot_7640,slow,__network_total__,0.45631734783179523,,0.6566841834613877,,,0.1140454592887467
plot_7640,slow,life_service,0.13939767096583397,0.12007204162818409,0.6566841834613877,0.5664655231521275,0.78,0.0348390686539058
plot_7640,slow,public_activity,0.1118278271672866,0.12496034158513208,0.6566841834613877,0.39603511438118005,0.86,0.027948654529910362
plot_7640,slow,community_living,0.1489165891592242,0.08939545727657827,0.6566841834613877,0.6339895402755025,1.0,0.037218091503804895
plot_7640,slow,productive_mix,0.05617526053945042,0.08007312131830663,0.6566841834613877,0.3708346471266263,0.72,0.014039644601125634
plot_7640,fast,__network_total__,0.0905097587417566,,0.2601836955452188,,,0.022620720108195845
plot_7640,fast,life_service,0.01982633627846061,0.12007204162818409,0.2601836955452188,0.5664655231521275,0.28,0.004955112133329751
plot_7640,fast,public_activity,0.02679034464708944,0.12496034158513208,0.2601836955452188,0.39603511438118005,0.52,0.006695597207291281
plot_7640,fast,community_living,0.012980436081261471,0.08939545727657827,0.2601836955452188,0.6339895402755025,0.22,0.0032441453337017654
plot_7640,fast,productive_mix,0.03091264173494508,0.08007312131830663,0.2601836955452188,0.3708346471266263,1.0,0.007725865433873049
plot_12021,walk,__network_total__,0.7050674152212086,,0.5991119008768719,,,0.06801837950913708
plot_12021,walk,life_service,0.3899124551052591,0.0998930850566561,0.5991119008768719,0.628520391740544,1.0,0.0376151454089934
plot_12021,walk,public_activity,0.1792411995863829,0.1060186815741514,0.5991119008768719,0.28656261232575087,0.95,0.01729153223357307
plot_12021,walk,community_living,0.060762520404484946,0.0739272627585333,0.5991119008768719,0.21346523429373668,0.62,0.005861805670748889
plot_12021,walk,productive_mix,0.07515124012508173,0.07591890671631515,0.5991119008768719,0.44276307573733753,0.36,0.007249896195821728
plot_12021,slow,__network_total__,0.10168283930273807,,0.085237874201866,,,0.009809419360403018
plot_12021,slow,life_service,0.04326994810902602,0.0998930850566561,0.085237874201866,0.628520391740544,0.78,0.004174284172382314
plot_12021,slow,public_activity,0.023085397196479934,0.1060186815741514,0.085237874201866,0.28656261232575087,0.86,0.002227065488676278
plot_12021,slow,community_living,0.013943402168909609,0.0739272627585333,0.085237874201866,0.21346523429373668,1.0,0.0013451304086657648
plot_12021,slow,productive_mix,0.02138409182832251,0.07591890671631515,0.085237874201866,0.44276307573733753,0.72,0.0020629392906786614
plot_12021,fast,__network_total__,0.1932497454760532,,0.264574979365509,,,0.01864294710557621
plot_12021,fast,life_service,0.04821320072526566,0.0998930850566561,0.264574979365509,0.628520391740544,0.28,0.004651163439814397
plot_12021,fast,public_activity,0.04332697858553265,0.1060186815741514,0.264574979365509,0.28656261232575087,0.52,0.004179785944994225
plot_12021,fast,community_living,0.009521548755723997,0.0739272627585333,0.264574979365509,0.21346523429373668,0.22,0.0009185509113031345
plot_12021,fast,productive_mix,0.09218801740953086,0.07591890671631515,0.264574979365509,0.44276307573733753,1.0,0.008893446809464453
plot_19184,walk,__network_total__,0.5715418708577338,,0.5641667206632541,,,0.07636992296710035
plot_19184,walk,life_service,0.2662078395247077,0.12147305028650773,0.5641667206632541,0.5190482605459892,1.0,0.03557092355671118
plot_19184,walk,public_activity,0.20592919019113234,0.1328996848283693,0.5641667206632541,0.38631110405061353,0.95,0.027516437891019874
plot_19184,walk,community_living,0.07203902853953738,0.09470547266657524,0.5641667206632541,0.2905814713355248,0.62,0.009625917786098047
plot_19184,walk,productive_mix,0.02736581260235633,0.09271398689098298,0.5641667206632541,0.19419025279409743,0.36,0.0036566437332712478
plot_19184,slow,__network_total__,0.3724660269975742,,0.3719260300736056,,,0.049769235186527816
plot_19184,slow,life_service,0.13688774012360663,0.12147305028650773,0.3719260300736056,0.5190482605459892,0.78,0.018291059153184054
plot_19184,slow,public_activity,0.12289716591289566,0.1328996848283693,0.3719260300736056,0.38631110405061353,0.86,0.016421626432298667
plot_19184,slow,community_living,0.07659938246729132,0.09470547266657524,0.3719260300736056,0.2905814713355248,1.0,0.010235276252946006
plot_19184,slow,productive_mix,0.036081738493780546,0.09271398689098298,0.3719260300736056,0.19419025279409743,0.72,0.004821273348099083
plot_19184,fast,__network_total__,0.055992102144691795,,0.10936625649100074,,,0.007481713493954184
plot_19184,fast,life_service,0.014449564395576342,0.12147305028650773,0.10936625649100074,0.5190482605459892,0.28,0.0019307633894647827
plot_19184,fast,public_activity,0.021851111476621807,0.1328996848283693,0.10936625649100074,0.38631110405061353,0.52,0.002919764561974697
plot_19184,fast,community_living,0.004955354417728356,0.09470547266657524,0.10936625649100074,0.2905814713355248,0.22,0.0006621387766195609
plot_19184,fast,productive_mix,0.014736071854765288,0.09271398689098298,0.10936625649100074,0.19419025279409743,1.0,0.0019690467658951437
plot_17084,walk,__network_total__,0.4513171563181448,,0.6825595111650611,,,0.1287213115539618
plot_17084,walk,life_service,0.17967872046413558,0.12331447334181186,0.6825595111650611,0.6088505240047594,1.0,0.05124662387125687
plot_17084,walk,public_activity,0.1744603675901583,0.13375214557592474,0.6825595111650611,0.5737206884061271,0.95,0.04975828420438138
plot_17084,walk,community_living,0.07110424876862391,0.09539163299221932,0.6825595111650611,0.5023676553177238,0.62,0.020279823247190104
plot_17084,walk,productive_mix,0.02607381949522704,0.091993885523413,0.6825595111650611,0.328981352581711,0.36,0.007436580231133455
plot_17084,slow,__network_total__,0.4829382409987499,,0.709021865286127,,,0.13774004136705384
plot_17084,slow,life_service,0.1455828961026969,0.12331447334181186,0.709021865286127,0.6088505240047594,0.78,0.04152206727313789
plot_17084,slow,public_activity,0.16405547736525247,0.13375214557592474,0.709021865286127,0.5737206884061271,0.86,0.04679067905670393
plot_17084,slow,community_living,0.11913050110563903,0.09539163299221932,0.709021865286127,0.5023676553177238,1.0,0.033977512562338275
plot_17084,slow,productive_mix,0.05416936642516151,0.091993885523413,0.709021865286127,0.328981352581711,0.72,0.015449782474873755
plot_17084,fast,__network_total__,0.06574460268310527,,0.18431875347983104,,,0.01875118498486203
plot_17084,fast,life_service,0.013585751905142896,0.12331447334181186,0.18431875347983104,0.6088505240047594,0.28,0.0038748267802254186
plot_17084,fast,public_activity,0.025787279264563593,0.13375214557592474,0.18431875347983104,0.5737206884061271,0.52,0.007354855364733797
plot_17084,fast,community_living,0.006813269151295811,0.09539163299221932,0.18431875347983104,0.5023676553177238,0.22,0.0019432297860769037
plot_17084,fast,productive_mix,0.019558302362102965,0.091993885523413,0.18431875347983104,0.328981352581711,1.0,0.005578273053825909
plot_16705,walk,__network_total__,0.46808468826873384,,0.6873208243113764,,,0.12485515137769486
plot_16705,walk,life_service,0.1817399638523374,0.12469618229391496,0.6873208243113764,0.5656135543658146,1.0,0.0484766352475368
plot_16705,walk,public_activity,0.19855548473210496,0.13447329935352909,0.6873208243113764,0.6031769689990956,0.95,0.05296194411910752
plot_16705,walk,community_living,0.05860706131373545,0.09561489519443374,0.6873208243113764,0.38366769322582317,0.62,0.01563262737602574
plot_16705,walk,productive_mix,0.02918217837055597,0.09101779968295826,0.6873208243113764,0.34562997728570144,0.36,0.007783944635024782
plot_16705,slow,__network_total__,0.4518503307884767,,0.6546586466513131,,,0.12052485984815561
plot_16705,slow,life_service,0.13502072826011302,0.12469618229391496,0.6546586466513131,0.5656135543658146,0.78,0.03601492184757085
plot_16705,slow,public_activity,0.1712033033912619,0.13447329935352909,0.6546586466513131,0.6031769689990956,0.86,0.045666126017361613
plot_16705,slow,community_living,0.09003547539755923,0.09561489519443374,0.6546586466513131,0.38366769322582317,1.0,0.024015724487170452
plot_16705,slow,productive_mix,0.0555908237395425,0.09101779968295826,0.6546586466513131,0.34562997728570144,0.72,0.014828087496052687
plot_16705,fast,__network_total__,0.08006498094278955,,0.21049910383622872,,,0.021356232250701396
plot_16705,fast,life_service,0.015584727666199822,0.12469618229391496,0.21049910383622872,0.5656135543658146,0.28,0.004157011713287229
plot_16705,fast,public_activity,0.033285292325834125,0.13447329935352909,0.21049910383622872,0.6031769689990956,0.52,0.008878393838011893
plot_16705,fast,community_living,0.006369006406547773,0.09561489519443374,0.21049910383622872,0.38366769322582317,0.22,0.0016988448435606453
plot_16705,fast,productive_mix,0.024825954544207836,0.09101779968295826,0.21049910383622872,0.34562997728570144,1.0,0.00662198185584163
plot_16706,walk,__network_total__,0.45388071105305045,,0.6846980640856012,,,0.10709361237527645
plot_16706,walk,life_service,0.20067046533949143,0.12449818619961767,0.6846980640856012,0.5554477028101702,1.0,0.04734839905483886
plot_16706,walk,public_activity,0.15252490854811643,0.13472506946035348,0.6846980640856012,0.41066859586440163,0.95,0.03598840628351195
plot_16706,walk,community_living,0.06786978242696225,0.09558199313142093,0.6846980640856012,0.3946675562002351,0.62,0.01601394373945514
plot_16706,walk,productive_mix,0.03281555473848038,0.09134946856013312,0.6846980640856012,0.34386974446146246,0.36,0.007742863297470515
plot_16706,slow,__network_total__,0.4693348298946181,,0.684170631540597,,,0.1107400273308282
plot_16706,slow,life_service,0.1564023911258594,0.12449818619961767,0.684170631540597,0.5554477028101702,0.78,0.03690330221554938
plot_16706,slow,public_activity,0.13796881911722206,0.13472506946035348,0.684170631540597,0.41066859586440163,0.86,0.032553882274779934
plot_16706,slow,community_living,0.1093830667409204,0.09558199313142093,0.684170631540597,0.3946675562002351,1.0,0.025809045118469338
plot_16706,slow,productive_mix,0.06558055291061626,0.09134946856013312,0.684170631540597,0.34386974446146246,0.72,0.015473797722029555
plot_16706,fast,__network_total__,0.07678445905233132,,0.2062442355700106,,,0.018117370696624564
plot_16706,fast,life_service,0.016924825833404572,0.12449818619961767,0.2062442355700106,0.5554477028101702,0.28,0.003993429756282023
plot_16706,fast,public_activity,0.025147987206009356,0.13472506946035348,0.2062442355700106,0.41066859586440163,0.52,0.0059336929908528156
plot_16706,fast,community_living,0.007254210730102214,0.09558199313142093,0.2062442355700106,0.3946675562002351,0.22,0.0017116383514419375
plot_16706,fast,productive_mix,0.027457435282815176,0.09134946856013312,0.2062442355700106,0.34386974446146246,1.0,0.006478609598047789
plot_16702,walk,__network_total__,0.4569123225650696,,0.5215325613694284,,,0.05719411626349625
plot_16702,walk,life_service,0.20770133173690505,0.12411605171031638,0.5215325613694284,0.4016505668275378,1.0,0.025999067061168616
plot_16702,walk,public_activity,0.14508883924087376,0.13495717727044873,0.5215325613694284,0.27161357360431243,0.95,0.018161532377793308
plot_16702,walk,community_living,0.06963805686634168,0.09545263318567425,0.5215325613694284,0.28242562343077127,0.62,0.008716961491469296
plot_16702,walk,productive_mix,0.034484094720949064,0.09171718939770794,0.5215325613694284,0.25067016428264033,0.36,0.004316555333065025
plot_16702,slow,__network_total__,0.49797098385563393,,0.5471705655108642,,,0.06233364464017211
plot_16702,slow,life_service,0.16997113810005152,0.12411605171031638,0.5471705655108642,0.4016505668275378,0.78,0.02127618047015725
plot_16702,slow,public_activity,0.1378002960859239,0.13495717727044873,0.5471705655108642,0.27161357360431243,0.86,0.01724918713340269
plot_16702,slow,community_living,0.11784095499228321,0.09545263318567425,0.5471705655108642,0.28242562343077127,1.0,0.014750771532256603
plot_16702,slow,productive_mix,0.07235859467737528,0.09171718939770794,0.5471705655108642,0.25067016428264033,0.72,0.009057505504355563
plot_16702,fast,__network_total__,0.04511669357929656,,0.09117512587026841,,,0.005647493601206919
plot_16702,fast,life_service,0.010166986705771073,0.12411605171031638,0.09117512587026841,0.4016505668275378,0.28,0.0012726551484425774
plot_16702,fast,public_activity,0.013883810832281684,0.13495717727044873,0.09117512587026841,0.27161357360431243,0.52,0.001737909554428404
plot_16702,fast,community_living,0.004319888911958953,0.09545263318567425,0.09117512587026841,0.28242562343077127,0.22,0.0005407431939872506
plot_16702,fast,productive_mix,0.016746007129284854,0.09171718939770794,0.09117512587026841,0.25067016428264033,1.0,0.0020961857043486874
plot_16894,walk,__network_total__,0.5101930286012222,,0.3143704622086383,,,0.026997897379306492
plot_16894,walk,life_service,0.19143078520675463,0.10639848443419113,0.3143704622086383,0.302851708154835,1.0,0.010129947695329296
plot_16894,walk,public_activity,0.2009306083277637,0.12430805048749183,0.3143704622086383,0.2864025806618372,0.95,0.01063265007533973
plot_16894,walk,community_living,0.0811190122602058,0.0826203172987428,0.3143704622086383,0.2665617276188345,0.62,0.004292576820416584
plot_16894,walk,productive_mix,0.03671262280649808,0.09102838000466953,0.3143704622086383,0.18857746194336336,0.36,0.0019427227882208812
plot_16894,slow,__network_total__,0.4194129624526963,,0.24623264974171627,,,0.02219408632629383
plot_16894,slow,life_service,0.11695270967539083,0.10639848443419113,0.24623264974171627,0.302851708154835,0.78,0.0061887894915082795
plot_16894,slow,public_activity,0.14247046771855137,0.12430805048749183,0.24623264974171627,0.2864025806618372,0.86,0.007539113338323718
plot_16894,slow,community_living,0.10247899775957897,0.0826203172987428,0.24623264974171627,0.2665617276188345,1.0,0.00542288371252877
plot_16894,slow,productive_mix,0.057510787299175144,0.09102838000466953,0.24623264974171627,0.18857746194336336,0.72,0.0030432997839330614
plot_16894,fast,__network_total__,0.07039400894608136,,0.07518259003523389,,,0.0037250415491853995
plot_16894,fast,life_service,0.012818740666977099,0.10639848443419113,0.07518259003523389,0.302851708154835,0.28,0.000678329623608976
plot_16894,fast,public_activity,0.02630276391463119,0.12430805048749183,0.07518259003523389,0.2864025806618372,0.52,0.0013918640223412053
plot_16894,fast,community_living,0.006883815068593035,0.0826203172987428,0.07518259003523389,0.2665617276188345,0.22,0.00036427101583401216
plot_16894,fast,productive_mix,0.024388689295880037,0.09102838000466953,0.07518259003523389,0.18857746194336336,1.0,0.0012905768874012062
plot_11996,walk,__network_total__,0.8391622073742022,,0.5755326124035915,,,0.0533794160400147
plot_11996,walk,life_service,0.5305430931425533,0.1013602666757745,0.5755326124035915,0.5785100185849603,1.0,0.03374804089977807
plot_11996,walk,public_activity,0.16682291401537497,0.10720571970104006,0.5755326124035915,0.18103898452303976,0.95,0.010611666795741898
plot_11996,walk,community_living,0.05917099342989582,0.07513272077816066,0.5755326124035915,0.14039318249091073,0.62,0.003763888611807955
plot_11996,walk,productive_mix,0.08262520678637804,0.07681546011393735,0.5755326124035915,0.3302321759931122,0.36,0.00525581973268677
plot_11996,slow,__network_total__,0.0007378793665391042,,0.0005144256028106811,,,4.693677735688292e-05
plot_11996,slow,life_service,0.00036988600959783705,0.1013602666757745,0.0005144256028106811,0.5785100185849603,0.78,2.3528584843549043e-05
plot_11996,slow,public_activity,0.00013498427750083684,0.10720571970104006,0.0005144256028106811,0.18103898452303976,0.86,8.586399440132216e-06
plot_11996,slow,community_living,8.530408100105963e-05,0.07513272077816066,0.0005144256028106811,0.14039318249091073,1.0,5.426223904809587e-06
plot_11996,slow,productive_mix,0.00014770499843937067,0.07681546011393735,0.0005144256028106811,0.3302321759931122,0.72,9.395569168392071e-06
plot_11996,fast,__network_total__,0.16009991325925868,,0.18790207529946776,,,0.01018401424985212
plot_11996,fast,life_service,0.048499843284059756,0.1013602666757745,0.18790207529946776,0.5785100185849603,0.28,0.003085092834001865
plot_11996,fast,public_activity,0.029812409655489962,0.10720571970104006,0.18790207529946776,0.18103898452303976,0.52,0.0018963783213441605
plot_11996,fast,community_living,0.006854905798016091,0.07513272077816066,0.18790207529946776,0.14039318249091073,0.22,0.00043604307402304355
plot_11996,fast,productive_mix,0.0749327545216929,0.07681546011393735,0.18790207529946776,0.3302321759931122,1.0,0.004766500020483052
plot_7453,walk,__network_total__,0.6086222056671031,,0.790983629741272,,,0.13190174947727415
plot_7453,walk,life_service,0.2667927711581766,0.10553981748097767,0.790983629741272,0.6926167435253547,1.0,0.057819831310758296
plot_7453,walk,public_activity,0.2286975215502782,0.10980328750301614,0.790983629741272,0.6007002000412405,0.95,0.049563757143126524
plot_7453,walk,community_living,0.08943703783747267,0.07787713263425956,0.790983629741272,0.507517511031478,0.62,0.01938296310746233
plot_7453,walk,productive_mix,0.023694875121175706,0.07528537286478651,0.790983629741272,0.23953919437434718,0.36,0.00513519791592702
plot_7453,slow,__network_total__,0.30486078662586186,,0.3974137865370128,,,0.06607000324428462
plot_7453,slow,life_service,0.10455482858002604,0.10553981748097767,0.3974137865370128,0.6926167435253547,0.78,0.02265931915988152
plot_7453,slow,public_activity,0.10401877565101199,0.10980328750301614,0.3974137865370128,0.6007002000412405,0.86,0.02254314476057272
plot_7453,slow,community_living,0.07247715728341096,0.07787713263425956,0.3974137865370128,0.507517511031478,1.0,0.01570738588537535
plot_7453,slow,productive_mix,0.02381002511141288,0.07528537286478651,0.3974137865370128,0.23953919437434718,0.72,0.005160153438455033
plot_7453,fast,__network_total__,0.08651700770703503,,0.23007618138219305,,,0.018750128683833453
plot_7453,fast,life_service,0.021728825624351914,0.10553981748097767,0.23007618138219305,0.6926167435253547,0.28,0.004709111970039244
plot_7453,fast,public_activity,0.03641206939273942,0.10980328750301614,0.23007618138219305,0.6007002000412405,0.52,0.007891292184658186
plot_7453,fast,community_living,0.009231081037001635,0.07787713263425956,0.23007618138219305,0.507517511031478,0.22,0.0020005772497446333
plot_7453,fast,productive_mix,0.019145031652942058,0.07528537286478651,0.23007618138219305,0.23953919437434718,1.0,0.004149147279391389
plot_7558,walk,__network_total__,0.7622411697800555,,0.8422235778265464,,,0.12293522288666577
plot_7558,walk,life_service,0.33459539907493907,0.10899640830787787,0.8422235778265464,0.5878470098558067,1.0,0.05396397045045414
plot_7558,walk,public_activity,0.28695459140225105,0.11277627952928995,0.8422235778265464,0.5128948583086274,0.95,0.04628040054903746
plot_7558,walk,community_living,0.12690294297922022,0.08044167720946598,0.8422235778265464,0.48725401124158957,0.62,0.020467067640319
plot_7558,walk,productive_mix,0.013788236323645222,0.07594079744789439,0.8422235778265464,0.0965800887374958,0.36,0.0022237842468551725
plot_7558,slow,__network_total__,0.17832203571689853,,0.19944825482809247,,,0.02876000415037474
plot_7558,slow,life_service,0.06180411797678813,0.10899640830787787,0.19944825482809247,0.5878470098558067,0.78,0.009967846555680806
plot_7558,slow,public_activity,0.061516393933873,0.11277627952928995,0.19944825482809247,0.5128948583086274,0.86,0.0099214420570156
plot_7558,slow,community_living,0.04847109710171522,0.08044167720946598,0.19944825482809247,0.48725401124158957,1.0,0.007817480033884801
plot_7558,slow,productive_mix,0.0065304267045221956,0.07594079744789439,0.19944825482809247,0.0965800887374958,0.72,0.0010532355037935351
plot_7558,fast,__network_total__,0.05943679450304595,,0.14983827811839706,,,0.009586041622508139
plot_7558,fast,life_service,0.01666761171192782,0.10899640830787787,0.14983827811839706,0.5878470098558067,0.28,0.00268817356242447
plot_7558,fast,public_activity,0.027943982125727074,0.11277627952928995,0.14983827811839706,0.5128948583086274,0.52,0.004506840888637014
plot_7558,fast,community_living,0.0080112090305725,0.08044167720946598,0.14983827811839706,0.48725401124158957,0.22,0.0012920579559475656
plot_7558,fast,productive_mix,0.006813991634818564,0.07594079744789439,0.14983827811839706,0.0965800887374958,1.0,0.00109896921549909
plot_7451,walk,__network_total__,0.4848635772382909,,0.7410194494868646,,,0.10721759699969177
plot_7451,walk,life_service,0.22284907074176238,0.10654652521767502,0.7410194494868646,0.6241492282353965,1.0,0.04927848363995275
plot_7451,walk,public_activity,0.16066749304921313,0.11051824941103612,0.7410194494868646,0.45665405235993434,0.95,0.03552830802185671
plot_7451,walk,community_living,0.0698001780256289,0.07816908324420253,0.7410194494868646,0.429780516281567,0.62,0.015434872218460394
plot_7451,walk,productive_mix,0.03154683542168646,0.07334356090925508,0.7410194494868646,0.3565399578634552,0.36,0.006975933119421917
plot_7451,slow,__network_total__,0.42467569825773893,,0.6358162439943862,,,0.09390828680246169
plot_7451,slow,life_service,0.14914456861170286,0.10654652521767502,0.6358162439943862,0.6241492282353965,0.78,0.032980250533942546
plot_7451,slow,public_activity,0.12479720975663224,0.11051824941103612,0.6358162439943862,0.45665405235993434,0.86,0.027596333423487163
plot_7451,slow,community_living,0.09659771490418965,0.07816908324420253,0.6358162439943862,0.429780516281567,1.0,0.021360595750830116
plot_7451,slow,productive_mix,0.054136204985214195,0.07334356090925508,0.6358162439943862,0.3565399578634552,0.72,0.01197110709420187
plot_7451,fast,__network_total__,0.09046072450397012,,0.25513118550098246,,,0.020003526681485816
plot_7451,fast,life_service,0.021483389323644027,0.10654652521767502,0.25513118550098246,0.6241492282353965,0.28,0.004750609216327914
plot_7451,fast,public_activity,0.03027901169165775,0.11051824941103612,0.25513118550098246,0.45665405235993434,0.52,0.0066955800054035
plot_7451,fast,community_living,0.008527494768582972,0.07816908324420253,0.25513118550098246,0.429780516281567,0.22,0.0018856798910790705
plot_7451,fast,productive_mix,0.030170828720085374,0.07334356090925508,0.25513118550098246,0.3565399578634552,1.0,0.006671657568675332
plot_7452,walk,__network_total__,0.606245552995306,,0.7151051211664128,,,0.09923756010562308
plot_7452,walk,life_service,0.2910867272900334,0.10359530992529348,0.7151051211664128,0.6431909619793205,1.0,0.047648574826935616
plot_7452,walk,public_activity,0.20973283015880012,0.10792310826145121,0.7151051211664128,0.4682588465790325,0.95,0.03433159094722055
plot_7452,walk,community_living,0.07971575559146524,0.07591173064720606,0.7151051211664128,0.38770482748958546,0.62,0.013048833179539119
plot_7452,walk,productive_mix,0.025710239955007343,0.07235115473805061,0.7151051211664128,0.22595178995765075,0.36,0.004208561151927803
plot_7452,slow,__network_total__,0.30921983751558757,,0.3704518589595091,,,0.050616820296151055
plot_7452,slow,life_service,0.11761938282916032,0.10359530992529348,0.3704518589595091,0.6431909619793205,0.78,0.01925335454491237
plot_7452,slow,public_activity,0.098356519806082,0.10792310826145121,0.3704518589595091,0.4682588465790325,0.86,0.016100177556455483
plot_7452,slow,community_living,0.06660615561205478,0.07591173064720606,0.3704518589595091,0.38770482748958546,1.0,0.010902896257627392
plot_7452,slow,productive_mix,0.026637779268290498,0.07235115473805061,0.3704518589595091,0.22595178995765075,0.72,0.004360391937155811
plot_7452,fast,__network_total__,0.08453460948910635,,0.2042206016851848,,,0.0138376411154401
plot_7452,fast,life_service,0.023276093755248466,0.10359530992529348,0.2042206016851848,0.6431909619793205,0.28,0.0038101108398208277
plot_7452,fast,public_activity,0.03278504762182142,0.10792310826145121,0.2042206016851848,0.4682588465790325,0.52,0.005366650720754085
plot_7452,fast,community_living,0.008078018090965713,0.07591173064720606,0.2042206016851848,0.38770482748958546,0.22,0.0013223071111628053
plot_7452,fast,productive_mix,0.020395450021070773,0.07235115473805061,0.2042206016851848,0.22595178995765075,1.0,0.0033385724437023844
plot_16978,walk,__network_total__,0.6576925950336948,,0.4760462300801937,,,0.04701873215339473
plot_16978,walk,life_service,0.32622265434340364,0.10167199554796408,0.4760462300801937,0.4818497093301083,1.0,0.023321800675216883
plot_16978,walk,public_activity,0.21727790848476455,0.10624744935736027,0.4760462300801937,0.3232751231661813,0.95,0.015533292998945146
plot_16978,walk,community_living,0.07685313327660241,0.07440929811945271,0.4760462300801937,0.2501736199199921,0.62,0.005494264213962433
plot_16978,walk,productive_mix,0.03733889892892433,0.07157298044109693,0.4760462300801937,0.21762497576539902,0.36,0.002669374265270276
plot_16978,slow,__network_total__,0.18314721418488517,,0.13417817816016453,,,0.013093274690067564
plot_16978,slow,life_service,0.0717201980846647,0.10167199554796408,0.13417817816016453,0.4818497093301083,0.78,0.005127308425235501
plot_16978,slow,public_activity,0.055439994518404756,0.10624744935736027,0.13417817816016453,0.3232751231661813,0.86,0.0039634295300420685
plot_16978,slow,community_living,0.03493837077348725,0.07440929811945271,0.13417817816016453,0.2501736199199921,1.0,0.0024977594543092434
plot_16978,slow,productive_mix,0.021048650808328438,0.07157298044109693,0.13417817816016453,0.21762497576539902,0.72,0.0015047772804807496
plot_16978,fast,__network_total__,0.15916019078142002,,0.2220211393727776,,,0.011378431863675459
plot_16978,fast,life_service,0.042600759826232175,0.10167199554796408,0.2220211393727776,0.4818497093301083,0.28,0.0030455470092347475
plot_16978,fast,public_activity,0.055467744610437346,0.10624744935736027,0.2220211393727776,0.3232751231661813,0.52,0.003965413396295641
plot_16978,fast,community_living,0.012718554824121556,0.07440929811945271,0.2220211393727776,0.2501736199199921,0.22,0.0009092550640972333
plot_16978,fast,productive_mix,0.04837313152062894,0.07157298044109693,0.2220211393727776,0.21762497576539902,1.0,0.003458216394047837
plot_7599,walk,__network_total__,0.4837656666976971,,0.4142557232668649,,,0.042502150807665354
plot_7599,walk,life_service,0.21000855449234057,0.10380802576726099,0.4142557232668649,0.4290554292117008,1.0,0.01845070013931139
plot_7599,walk,public_activity,0.19177428086665793,0.10809222419219576,0.4142557232668649,0.39607702575228676,0.95,0.016848693422304557
plot_7599,walk,community_living,0.05699233594491257,0.07598305184973315,0.4142557232668649,0.25657561772284043,0.62,0.005007169842678155
plot_7599,walk,productive_mix,0.024990495393786036,0.07182727882639457,0.4142557232668649,0.2049699989678102,0.36,0.0021955874033712545
plot_7599,slow,__network_total__,0.36509210401536896,,0.31553544085001983,,,0.032075859722483537
plot_7599,slow,life_service,0.12477029940618525,0.10380802576726099,0.31553544085001983,0.4290554292117008,0.78,0.010961931461318582
plot_7599,slow,public_activity,0.1322345183577603,0.10809222419219576,0.31553544085001983,0.39607702575228676,0.86,0.011617714583975612
plot_7599,slow,community_living,0.07001714484720258,0.07598305184973315,0.31553544085001983,0.25657561772284043,1.0,0.006151489149141222
plot_7599,slow,productive_mix,0.03807014140422087,0.07182727882639457,0.31553544085001983,0.2049699989678102,0.72,0.0033447245280481225
plot_7599,fast,__network_total__,0.15114222928693377,,0.24707142469942128,,,0.013278887413426635
plot_7599,fast,life_service,0.03507107024985526,0.10380802576726099,0.24707142469942128,0.4290554292117008,0.28,0.0030812354397135016
plot_7599,fast,public_activity,0.06260717438977571,0.10809222419219576,0.24707142469942128,0.39607702575228676,0.52,0.005500472130898161
plot_7599,fast,community_living,0.012061503615948753,0.07598305184973315,0.24707142469942128,0.25657561772284043,0.22,0.001059686292232477
plot_7599,fast,productive_mix,0.041402481031354056,0.07182727882639457,0.24707142469942128,0.2049699989678102,1.0,0.0036374935505824953
plot_7635,walk,__network_total__,0.4013434924505332,,0.27530408188190536,,,0.021441924056582212
plot_7635,walk,life_service,0.17952783993825433,0.10206991801376279,0.27530408188190536,0.3413256428931129,1.0,0.009591341039303756
plot_7635,walk,public_activity,0.1299799233972781,0.106592918806072,0.27530408188190536,0.24909166416931997,0.95,0.0069442253301473895
plot_7635,walk,community_living,0.040986913668055146,0.0746587026206499,0.27530408188190536,0.17183355141300016,0.62,0.002189740974291366
plot_7635,walk,productive_mix,0.05084881544694564,0.07116198992912942,0.27530408188190536,0.3851812452403146,0.36,0.002716616712839701
plot_7635,slow,__network_total__,0.3235414326983818,,0.20933392423841418,,,0.017285320329272706
plot_7635,slow,life_service,0.10647640329264867,0.10206991801376279,0.20933392423841418,0.3413256428931129,0.78,0.005688541102981474
plot_7635,slow,public_activity,0.08947013382374017,0.106592918806072,0.20933392423841418,0.24909166416931997,0.86,0.0047799748865177735
plot_7635,slow,community_living,0.050266713539635625,0.0746587026206499,0.20933392423841418,0.17183355141300016,1.0,0.0026855177038249446
plot_7635,slow,productive_mix,0.0773281820423574,0.07116198992912942,0.20933392423841418,0.3851812452403146,0.72,0.004131286635948516
plot_7635,fast,__network_total__,0.2751150748510849,,0.27322833673034275,,,0.01469812430683665
plot_7635,fast,life_service,0.04988878470303727,0.10206991801376279,0.27322833673034275,0.3413256428931129,0.28,0.002665326716390078
plot_7635,fast,public_activity,0.07061047007945857,0.106592918806072,0.27322833673034275,0.24909166416931997,0.52,0.003772390397559341
plot_7635,fast,community_living,0.014434086249166487,0.0746587026206499,0.27322833673034275,0.17183355141300016,0.22,0.0007711463796038292
plot_7635,fast,productive_mix,0.14018173381942256,0.07116198992912942,0.27322833673034275,0.3851812452403146,1.0,0.007489260813283401
plot_7557,walk,__network_total__,0.638343252676896,,0.5380299984728326,,,0.06851827981690348
plot_7557,walk,life_service,0.28481523485153337,0.1159081771213985,0.5380299984728326,0.4902242925717175,1.0,0.030571404766695617
plot_7557,walk,public_activity,0.23116785179184712,0.11965995276170664,0.5380299984728326,0.40569596936050156,0.95,0.024813019464566096
plot_7557,walk,community_living,0.09079850905379179,0.08620280126387087,0.5380299984728326,0.33893103430499066,0.62,0.009746100744726371
plot_7557,walk,productive_mix,0.03156165697972359,0.07998459233003578,0.5380299984728326,0.21867374727054123,0.36,0.0033877548409153827
plot_7557,slow,__network_total__,0.20803116800507332,,0.17461416875906838,,,0.022329581647859368
plot_7557,slow,life_service,0.07209926024060503,0.1159081771213985,0.17461416875906838,0.4902242925717175,0.78,0.007738966875644271
plot_7557,slow,public_activity,0.06791649626887046,0.11965995276170664,0.17461416875906838,0.40569596936050156,0.86,0.007289998720938271
plot_7557,slow,community_living,0.04752914673781014,0.08620280126387087,0.17461416875906838,0.33893103430499066,1.0,0.005101668047689556
plot_7557,slow,productive_mix,0.02048626475778771,0.07998459233003578,0.17461416875906838,0.21867374727054123,0.72,0.0021989480035872733
plot_7557,fast,__network_total__,0.1536255793180308,,0.2534094995682801,,,0.016489812317440847
plot_7557,fast,life_service,0.037561043389111745,0.1159081771213985,0.2534094995682801,0.4902242925717175,0.28,0.004031715022219675
plot_7557,fast,public_activity,0.05959688708155344,0.11965995276170664,0.2534094995682801,0.40569596936050156,0.52,0.006396991223994612
plot_7557,fast,community_living,0.015174909473686505,0.08620280126387087,0.2534094995682801,0.33893103430499066,0.22,0.0016288394827610343
plot_7557,fast,productive_mix,0.0412927393736791,0.07998459233003578,0.2534094995682801,0.21867374727054123,1.0,0.004432266588465525
plot_17759,walk,__network_total__,0.4592077181885952,,0.4979000414918338,,,0.06484843043571112
plot_17759,walk,life_service,0.18595614989941678,0.11890306276664572,0.4979000414918338,0.4435735402078238,1.0,0.026260369704614633
plot_17759,walk,public_activity,0.1635510440590111,0.12306878119429443,0.4979000414918338,0.39676188386529376,0.95,0.023096363765804224
plot_17759,walk,community_living,0.07549091146314191,0.08871784634285913,0.4979000414918338,0.38926030318433047,0.62,0.010660681270464692
plot_17759,walk,productive_mix,0.034209612767025326,0.08184435067861336,0.4979000414918338,0.3293101203539948,0.36,0.0048310156948275645
plot_17759,slow,__network_total__,0.4291618075706576,,0.4421435000029219,,,0.06060540474731294
plot_17759,slow,life_service,0.1288030748490243,0.11890306276664572,0.4421435000029219,0.4435735402078238,0.78,0.018189322409912605
plot_17759,slow,public_activity,0.13147683749646466,0.12306878119429443,0.4421435000029219,0.39676188386529376,0.86,0.018566906026599394
plot_17759,slow,community_living,0.10812448746421628,0.08871784634285913,0.4421435000029219,0.38926030318433047,1.0,0.015269132085537953
plot_17759,slow,productive_mix,0.06075740776095233,0.08184435067861336,0.4421435000029219,0.3293101203539948,0.72,0.008580044225262992
plot_17759,fast,__network_total__,0.11163047424074685,,0.2110096121466659,,,0.01576424079251528
plot_17759,fast,life_service,0.022066256081679586,0.11890306276664572,0.2110096121466659,0.4435735402078238,0.28,0.003116154227838336
plot_17759,fast,public_activity,0.03793963391195199,0.12306878119429443,0.2110096121466659,0.39676188386529376,0.52,0.005357762104262187
plot_17759,fast,community_living,0.011352349081035273,0.08871784634285913,0.2110096121466659,0.38926030318433047,0.22,0.001603156895026484
plot_17759,fast,productive_mix,0.04027223516607999,0.08184435067861336,0.2110096121466659,0.3293101203539948,1.0,0.0056871675653882734
plot_19335,walk,__network_total__,0.73085913791106,,0.9647649549808053,,,0.17853065642493562
plot_19335,walk,life_service,0.3195893815259019,0.11201447063354561,0.9647649549808053,0.7223967968624623,1.0,0.07806771388716192
plot_19335,walk,public_activity,0.2863007128786819,0.11561123969129111,0.9647649549808053,0.6600188926323168,0.95,0.06993612250816274
plot_19335,walk,community_living,0.11377450270723274,0.08303358666238056,0.9647649549808053,0.5595733976404177,0.62,0.027792272955359448
plot_19335,walk,productive_mix,0.011194540799243546,0.07787660267194495,0.9647649549808053,0.1011007521271274,0.36,0.0027345470742515146
plot_19335,slow,__network_total__,0.2173425482569203,,0.29353038710052715,,,0.053091363022812976
plot_19335,slow,life_service,0.0758435219094565,0.11201447063354561,0.29353038710052715,0.7223967968624623,0.78,0.01852668051845856
plot_19335,slow,public_activity,0.07885492505258712,0.11561123969129111,0.29353038710052715,0.6600188926323168,0.86,0.01926229118816965
plot_19335,slow,community_living,0.05583220814463266,0.08303358666238056,0.29353038710052715,0.5595733976404177,1.0,0.01363841573932391
plot_19335,slow,productive_mix,0.006811893150243997,0.07787660267194495,0.29353038710052715,0.1011007521271274,0.72,0.0016639755768608551
plot_19335,fast,__network_total__,0.05179831383201951,,0.15731437274128116,,,0.012653035982510524
plot_19335,fast,life_service,0.014591409847952064,0.11201447063354561,0.15731437274128116,0.7223967968624623,0.28,0.0035643174494141196
plot_19335,fast,public_activity,0.025553421070425155,0.11561123969129111,0.15731437274128116,0.6600188926323168,0.52,0.0062420633484108565
plot_19335,fast,community_living,0.006582984323206064,0.08303358666238056,0.15731437274128116,0.5595733976404177,0.22,0.0016080588604476885
plot_19335,fast,productive_mix,0.005070498590436225,0.07787660267194495,0.15731437274128116,0.1011007521271274,1.0,0.0012385963242378597
plot_7641,walk,__network_total__,0.4362546737051427,,0.681551374678318,,,0.10225510585028996
plot_7641,walk,life_service,0.1774812365535972,0.11349883562219018,0.681551374678318,0.5377833492612052,1.0,0.04160038556399424
plot_7641,walk,public_activity,0.16494044166621066,0.11712204163316274,0.681551374678318,0.5098133754553323,0.95,0.0386609091848295
plot_7641,walk,community_living,0.06856644126129915,0.08376699546450304,0.681551374678318,0.4540391406822431,0.62,0.016071503943796448
plot_7641,walk,productive_mix,0.02526655422403569,0.07675773885592856,0.681551374678318,0.31446162658662874,0.36,0.005922307157669778
plot_7641,slow,__network_total__,0.4889109692381311,,0.742341801974173,,,0.11459738066807011
plot_7641,slow,life_service,0.15078299562839206,0.11349883562219018,0.742341801974173,0.5377833492612052,0.78,0.03534250085496169
plot_7641,slow,public_activity,0.16263249240706013,0.11712204163316274,0.742341801974173,0.5098133754553323,0.86,0.03811994169492922
plot_7641,slow,community_living,0.12045511274563764,0.08376699546450304,0.742341801974173,0.4540391406822431,1.0,0.028233852945123393
plot_7641,slow,productive_mix,0.055040368457041265,0.07675773885592856,0.742341801974173,0.31446162658662874,0.72,0.012901085173055807
plot_7641,fast,__network_total__,0.07483435705672632,,0.21750540379122943,,,0.01754066045203205
plot_7641,fast,life_service,0.01585922389379605,0.11349883562219018,0.21750540379122943,0.5377833492612052,0.28,0.0037172933969748917
plot_7641,fast,public_activity,0.028812327632572375,0.11712204163316274,0.21750540379122943,0.5098133754553323,0.52,0.006753412145340626
plot_7641,fast,community_living,0.007764510001581845,0.08376699546450304,0.21750540379122943,0.4540391406822431,0.22,0.0018199479339538528
plot_7641,fast,productive_mix,0.022398295528776056,0.07675773885592856,0.21750540379122943,0.31446162658662874,1.0,0.005250006975762682
plot_7598,walk,__network_total__,0.3945109233448377,,0.4767290974309602,,,0.06841614292037669
plot_7598,walk,life_service,0.14592302196721876,0.11460986085438517,0.4767290974309602,0.4631585903361863,1.0,0.025305992142468627
plot_7598,walk,public_activity,0.14499362727533432,0.11825199455689532,0.4767290974309602,0.4695098720806581,0.95,0.025144816376965615
plot_7598,walk,community_living,0.06688420110676004,0.08460744830307075,0.4767290974309602,0.4638217935914669,0.62,0.011599068089771281
plot_7598,walk,productive_mix,0.03671007299552459,0.07704863053484556,0.4767290974309602,0.4814439316625557,0.36,0.006366266311171168
plot_7598,slow,__network_total__,0.4359500213669438,,0.4874346415703482,,,0.07560251745402623
plot_7598,slow,life_service,0.11637592567424138,0.11460986085438517,0.4874346415703482,0.4631585903361863,0.78,0.020181930314919425
plot_7598,slow,public_activity,0.13420493663513786,0.11825199455689532,0.4874346415703482,0.4695098720806581,0.86,0.023273840043774887
plot_7598,slow,community_living,0.11030027247597206,0.08460744830307075,0.4874346415703482,0.4638217935914669,1.0,0.019128289634901794
plot_7598,slow,productive_mix,0.07506888658159246,0.07704863053484556,0.4874346415703482,0.4814439316625557,0.72,0.01301845746043012
plot_7598,fast,__network_total__,0.16953905528821872,,0.32864863916059756,,,0.029401488148518704
plot_7598,fast,life_service,0.02816709279556533,0.11460986085438517,0.32864863916059756,0.4631585903361863,0.28,0.004884741416065854
plot_7598,fast,public_activity,0.0547127861722066,0.11825199455689532,0.32864863916059756,0.4695098720806581,0.52,0.00948829950408692
plot_7598,fast,community_living,0.016361183425385888,0.08460744830307075,0.32864863916059756,0.4638217935914669,0.22,0.0028373588596411837
plot_7598,fast,productive_mix,0.0702979928950609,0.07704863053484556,0.32864863916059756,0.4814439316625557,1.0,0.012191088368724748
plot_7634,walk,__network_total__,0.4249779447273565,,0.7352932264896139,,,0.13456933297021745
plot_7634,walk,life_service,0.1861840456368846,0.11481098780510478,0.7352932264896139,0.6983580634695912,1.0,0.05895520730405395
plot_7634,walk,public_activity,0.1494011238957763,0.1185188116180334,0.7352932264896139,0.5714287850349116,0.95,0.04730788935541966
plot_7634,walk,community_living,0.06085700825015698,0.0846868600848369,0.7352932264896139,0.4991395931038053,0.62,0.01927038122423174
plot_7634,walk,productive_mix,0.028535766944538545,0.07651327803966221,0.7352932264896139,0.44613817098107045,0.36,0.009035855086512076
plot_7634,slow,__network_total__,0.4767664655079172,,0.8045996046105022,,,0.15096817621236577
plot_7634,slow,life_service,0.15891186155914205,0.11481098780510478,0.8045996046105022,0.6983580634695912,0.78,0.05031946593084627
plot_7634,slow,public_activity,0.1479953124900203,0.1185188116180334,0.8045996046105022,0.5714287850349116,0.86,0.046862738952906706
plot_7634,slow,community_living,0.10740837807159752,0.0846868600848369,0.8045996046105022,0.4991395931038053,1.0,0.03401087979231641
plot_7634,slow,productive_mix,0.06245091338715729,0.07651327803966221,0.8045996046105022,0.44613817098107045,0.72,0.019775091536296384
plot_7634,fast,__network_total__,0.09825558976472637,,0.30773456797014265,,,0.031112647936864614
plot_7634,fast,life_service,0.021818064058266702,0.11481098780510478,0.30773456797014265,0.6983580634695912,0.28,0.006908693412092329
plot_7634,fast,public_activity,0.03422546214532385,0.1185188116180334,0.30773456797014265,0.5714287850349116,0.52,0.01083749796580251
plot_7634,fast,community_living,0.009037687241236289,0.0846868600848369,0.30773456797014265,0.4991395931038053,0.22,0.0028617850849338997
plot_7634,fast,productive_mix,0.033174376319899536,0.07651327803966221,0.30773456797014265,0.44613817098107045,1.0,0.010504671474035878
plot_17025,walk,__network_total__,0.5135387633024581,,0.5136162669106372,,,0.06655986825730073
plot_17025,walk,life_service,0.22076957603318456,0.12287221633711276,0.5136162669106372,0.45340466522493783,1.0,0.028613991671227298
plot_17025,walk,public_activity,0.1819114838040726,0.13501836699333533,0.5136162669106372,0.3578855080976945,0.95,0.023577586078653887
plot_17025,walk,community_living,0.08048451044276342,0.09496968407691697,0.5136162669106372,0.34493405723851395,0.62,0.010431614504372968
plot_17025,walk,productive_mix,0.0303731930224374,0.09262890679342031,0.5136162669106372,0.22984860042169114,0.36,0.00393667600304657
plot_17025,slow,__network_total__,0.4145682094955628,,0.40370416454008445,,,0.053732273743545916
plot_17025,slow,life_service,0.13535000803587224,0.12287221633711276,0.40370416454008445,0.45340466522493783,0.78,0.017542743308329983
plot_17025,slow,public_activity,0.12943729303825088,0.13501836699333533,0.40370416454008445,0.3578855080976945,0.86,0.016776395060821247
plot_17025,slow,community_living,0.10203403861417472,0.09496968407691697,0.40370416454008445,0.34493405723851395,1.0,0.01322465343072827
plot_17025,slow,productive_mix,0.04774686980726492,0.09262890679342031,0.40370416454008445,0.22984860042169114,0.72,0.006188481943666416
plot_17025,fast,__network_total__,0.07189302720197904,,0.13460856243559,,,0.009318070535532168
plot_17025,fast,life_service,0.016200602684695333,0.12287221633711276,0.13460856243559,0.45340466522493783,0.28,0.0020997635571807917
plot_17025,fast,public_activity,0.026095989615365186,0.13501836699333533,0.13460856243559,0.3578855080976945,0.52,0.0033823067603946165
plot_17025,fast,community_living,0.007484748541198951,0.09496968407691697,0.13460856243559,0.34493405723851395,0.22,0.0009700998492061476
plot_17025,fast,productive_mix,0.022111686360719578,0.09262890679342031,0.13460856243559,0.22984860042169114,1.0,0.0028659003687506136
plot_17024,walk,__network_total__,0.8190987075640725,,0.409811465407415,,,0.03976537045954454
plot_17024,walk,life_service,0.4186661347160085,0.12190726678450844,0.409811465407415,0.4068393258963704,1.0,0.02032528411057878
plot_17024,walk,public_activity,0.27702453287763124,0.13492678715475195,0.409811465407415,0.256024268668852,0.95,0.013448908018695142
plot_17024,walk,community_living,0.07078448883204018,0.09440882315058989,0.409811465407415,0.14325787808201199,0.62,0.003436425177090626
plot_17024,walk,productive_mix,0.05262355113839275,0.09289643599555387,0.409811465407415,0.18640745881899043,0.36,0.0025547531531799972
plot_17024,slow,__network_total__,0.008199572608959524,,0.004217453937589948,,,0.0003980705126185347
plot_17024,slow,life_service,0.003360691742915994,0.12190726678450844,0.004217453937589948,0.4068393258963704,0.78,0.00016315390431370354
plot_17024,slow,public_activity,0.0025808295375552683,0.13492678715475195,0.004217453937589948,0.256024268668852,0.86,0.00012529337637343592
plot_17024,slow,community_living,0.0011749317884434704,0.09440882315058989,0.004217453937589948,0.14325787808201199,1.0,5.7040253391554886e-05
plot_17024,slow,productive_mix,0.0010831195400447908,0.09289643599555387,0.004217453937589948,0.18640745881899043,0.72,5.258297853984035e-05
plot_17024,fast,__network_total__,0.172701719826968,,0.16079610172425562,,,0.00838427384209082
plot_17024,fast,life_service,0.045995704511155165,0.12190726678450844,0.16079610172425562,0.4068393258963704,0.28,0.002232986345288252
plot_17024,fast,public_activity,0.05949622085930467,0.13492678715475195,0.16079610172425562,0.256024268668852,0.52,0.002888405562803387
plot_17024,fast,community_living,0.009855087907835505,0.09440882315058989,0.16079610172425562,0.14325787808201199,0.22,0.0004784419972190001
plot_17024,fast,productive_mix,0.05735470654867267,0.09289643599555387,0.16079610172425562,0.18640745881899043,1.0,0.002784439936780181
plot_6750,walk,__network_total__,0.4230914400395901,,0.5489924180463591,,,0.07533837146497989
plot_6750,walk,life_service,0.19722990401347576,0.11835297362207482,0.5489924180463591,0.5405168436572715,1.0,0.03512001985003327
plot_6750,walk,public_activity,0.1183039341681372,0.13368419954183075,0.5489924180463591,0.30214203133772566,0.95,0.021065956185012023
plot_6750,walk,community_living,0.059833684782851976,0.09236535847733794,0.5489924180463591,0.3388914268005415,0.62,0.010654369111951802
plot_6750,walk,productive_mix,0.047723917075125195,0.094139182355921,0.5489924180463591,0.4567502591711061,0.36,0.0084980263179828
plot_6750,slow,__network_total__,0.46802264875065785,,0.5673370693067946,,,0.08333911024600607
plot_6750,slow,life_service,0.15897988568634316,0.11835297362207482,0.5673370693067946,0.5405168436572715,0.78,0.02830897661786068
plot_6750,slow,public_activity,0.11067482590636776,0.13368419954183075,0.5673370693067946,0.30214203133772566,0.86,0.019707468307975443
plot_6750,slow,community_living,0.09973070152692355,0.09236535847733794,0.5673370693067946,0.3388914268005415,1.0,0.017758687430299548
plot_6750,slow,productive_mix,0.09863723563102343,0.094139182355921,0.5673370693067946,0.4567502591711061,0.72,0.01756397788987041
plot_6750,fast,__network_total__,0.10888591120975205,,0.21834314517469636,,,0.019388922700150843
plot_6750,fast,life_service,0.02196362449057976,0.11835297362207482,0.21834314517469636,0.5405168436572715,0.28,0.003910983640873924
plot_6750,fast,public_activity,0.025754441766649837,0.13368419954183075,0.21834314517469636,0.30214203133772566,0.52,0.004586000843003342
plot_6750,fast,community_living,0.008444033658975031,0.09236535847733794,0.21834314517469636,0.3388914268005415,0.22,0.001503598712380299
plot_6750,fast,productive_mix,0.05272381129354741,0.094139182355921,0.21834314517469636,0.4567502591711061,1.0,0.009388339503893275
plot_17085,walk,__network_total__,0.7605874670474152,,0.3769854672869741,,,0.03594261532571468
plot_17085,walk,life_service,0.3569054217166466,0.12415455833198849,0.3769854672869741,0.36035153595761393,1.0,0.016866060560032467
plot_17085,walk,public_activity,0.2840018416041687,0.13499271835922869,0.3769854672869741,0.27760233167460613,0.95,0.013420900799482714
plot_17085,walk,community_living,0.09794306391059934,0.0953364881383484,0.3769854672869741,0.2077106418411866,0.62,0.004628435285196597
plot_17085,walk,productive_mix,0.021737139816000603,0.09111781678254637,0.3769854672869741,0.08306775899491872,0.36,0.0010272186810029048
plot_17085,slow,__network_total__,0.1719925254802314,,0.08798490780620555,,,0.008127745262792713
plot_17085,slow,life_service,0.06497276105624589,0.12415455833198849,0.08798490780620555,0.36035153595761393,0.78,0.0030703779098014495
plot_17085,slow,public_activity,0.06000391358358826,0.13499271835922869,0.08798490780620555,0.27760233167460613,0.86,0.0028355681330703413
plot_17085,slow,community_living,0.03686935762703673,0.0953364881383484,0.08798490780620555,0.2077106418411866,1.0,0.0017423126147990732
plot_17085,slow,productive_mix,0.01014649321336052,0.09111781678254637,0.08798490780620555,0.08306775899491872,0.72,0.0004794866051218497
plot_17085,fast,__network_total__,0.06742000747235342,,0.0725100174796343,,,0.0031860259323528172
plot_17085,fast,life_service,0.019221380587899545,0.12415455833198849,0.0725100174796343,0.36035153595761393,0.28,0.0009083329905263402
plot_17085,fast,public_activity,0.029900213944240864,0.13499271835922869,0.0725100174796343,0.27760233167460613,0.52,0.0014129760672054606
plot_17085,fast,community_living,0.006684640845624309,0.0953364881383484,0.0725100174796343,0.2077106418411866,0.22,0.0003158919715539522
plot_17085,fast,productive_mix,0.011613772094588701,0.09111781678254637,0.0725100174796343,0.08306775899491872,1.0,0.000548824903067064
plot_16957,walk,__network_total__,0.71150539296222,,0.38231558521775644,,,0.026723434139347985
plot_16957,walk,life_service,0.41190620187280663,0.12350091430720328,0.38231558521775644,0.32765758542736634,1.0,0.01547078682216174
plot_16957,walk,public_activity,0.19571197058221004,0.13492567325463128,0.38231558521775644,0.15,0.95,0.00735074675170229
plot_16957,walk,community_living,0.08383297337114716,0.09488273900242736,0.38231558521775644,0.14,0.62,0.0031486830103458143
plot_16957,walk,productive_mix,0.020054247136056167,0.09064789510358771,0.38231558521775644,0.06037236738802879,0.36,0.00075321755513814
plot_16957,slow,__network_total__,0.24673147904175566,,0.14,,,0.00926698869115442
plot_16957,slow,life_service,0.11765190586957379,0.12350091430720328,0.14,0.32765758542736634,0.78,0.0044188884426927585
plot_16957,slow,public_activity,0.0648781218261344,0.13492567325463128,0.14,0.15,0.86,0.002436757658978641
plot_16957,slow,community_living,0.04951413695132446,0.09488273900242736,0.14,0.14,1.0,0.0018597016844475766
plot_16957,slow,productive_mix,0.014687314394723068,0.09064789510358771,0.14,0.06037236738802879,0.72,0.0005516409050354457
plot_16957,fast,__network_total__,0.04176312799602427,,0.051854444745965726,,,0.0015685815054871629
plot_16957,fast,life_service,0.01564301090300352,0.12350091430720328,0.051854444745965726,0.32765758542736634,0.28,0.0005875359143338414
plot_16957,fast,public_activity,0.014529849430205695,0.13492567325463128,0.051854444745965726,0.15,0.52,0.0005457266777503713
plot_16957,fast,community_living,0.004034686980793282,0.09488273900242736,0.051854444745965726,0.14,0.22,0.00015153882580597552
plot_16957,fast,productive_mix,0.007555580682021766,0.09064789510358771,0.051854444745965726,0.06037236738802879,1.0,0.00028378008759697457
plot_19792,walk,__network_total__,0.37455263248541026,,0.3092022832359027,,,0.03099701649949764
plot_19792,walk,life_service,0.17279459987284443,0.11641286229131845,0.3092022832359027,0.39727711356914797,1.0,0.0143000384959016
plot_19792,walk,public_activity,0.09606267807758447,0.1327733827486509,0.3092022832359027,0.2038376542854358,0.95,0.007949901186378132
plot_19792,walk,community_living,0.05259762950706863,0.09097776410869197,0.3092022832359027,0.2495764317961654,0.62,0.004352845096419332
plot_19792,walk,productive_mix,0.053097725027912754,0.09450061532202773,0.3092022832359027,0.4177371750549499,0.36,0.004394231720798575
plot_19792,slow,__network_total__,0.4951029745133931,,0.37087526005545146,,,0.04097345403263131
plot_19792,slow,life_service,0.16166274182974916,0.11641286229131845,0.37087526005545146,0.39727711356914797,0.78,0.013378794436976638
plot_19792,slow,public_activity,0.1043073008901445,0.1327733827486509,0.37087526005545146,0.2038376542854358,0.86,0.008632205052879493
plot_19792,slow,community_living,0.10175591263316094,0.09097776410869197,0.37087526005545146,0.2495764317961654,1.0,0.008421058695761246
plot_19792,slow,productive_mix,0.1273770191603385,0.09450061532202773,0.37087526005545146,0.4177371750549499,0.72,0.010541395847013933
plot_19792,fast,__network_total__,0.13034439300119638,,0.15087808695522137,,,0.010786968105563823
plot_19792,fast,life_service,0.023608678273028164,0.11641286229131845,0.15087808695522137,0.39727711356914797,0.28,0.0019537937434971593
plot_19792,fast,public_activity,0.025657710752765666,0.1327733827486509,0.15087808695522137,0.2038376542854358,0.52,0.002123366423205675
plot_19792,fast,community_living,0.009107111202508546,0.09097776410869197,0.15087808695522137,0.2495764317961654,0.22,0.0007536811965082456
plot_19792,fast,productive_mix,0.071970892772894,0.09450061532202773,0.15087808695522137,0.4177371750549499,1.0,0.005956126742352743
plot_16287,walk,__network_total__,0.4027120596479027,,0.49570427131744565,,,0.06004407471389092
plot_16287,walk,life_service,0.16251135855079815,0.11451936465237315,0.49570427131744565,0.42683266824179583,1.0,0.024230325168835203
plot_16287,walk,public_activity,0.14483724149158064,0.13161057182392732,0.49570427131744565,0.348432553649795,0.95,0.021595127191070256
plot_16287,walk,community_living,0.060737779995298974,0.08961255726670612,0.49570427131744565,0.3288146918176957,0.62,0.009055958749241777
plot_16287,walk,productive_mix,0.03462567961022497,0.09463092399978876,0.49570427131744565,0.3057141813949149,0.36,0.0051626636047436905
plot_16287,slow,__network_total__,0.5220704294386467,,0.608794421843172,,,0.07784032069596969
plot_16287,slow,life_service,0.15567767144908953,0.11451936465237315,0.608794421843172,0.42683266824179583,0.78,0.023211427400377273
plot_16287,slow,public_activity,0.16102862857144926,0.13161057182392732,0.608794421843172,0.348432553649795,0.86,0.024009251209097346
plot_16287,slow,community_living,0.12031374022856473,0.08961255726670612,0.608794421843172,0.3288146918176957,1.0,0.01793869101836128
plot_16287,slow,productive_mix,0.08505038918954315,0.09463092399978876,0.608794421843172,0.3057141813949149,0.72,0.012680951068133788
plot_16287,fast,__network_total__,0.07521751091345065,,0.15374439918345356,,,0.011214876080514857
plot_16287,fast,life_service,0.014112969234767984,0.11451936465237315,0.15374439918345356,0.42683266824179583,0.28,0.0021042334314699883
plot_16287,fast,public_activity,0.024588759870947205,0.13161057182392732,0.15374439918345356,0.348432553649795,0.52,0.0036661661836100068
plot_16287,fast,community_living,0.006684463373973497,0.08961255726670612,0.15374439918345356,0.3288146918176957,0.22,0.0009966486193635456
plot_16287,fast,productive_mix,0.02983131843376196,0.09463092399978876,0.15374439918345356,0.3057141813949149,1.0,0.004447827846071317
plot_6351,walk,__network_total__,0.5152131568004482,,0.09247456774978204,,,0.002563374895857112
plot_6351,walk,life_service,0.2069896615468795,0.11643746004284099,0.09247456774978204,0.09564423615602817,1.0,0.00102984967504768
plot_6351,walk,public_activity,0.22899181648012926,0.13288998599747637,0.09247456774978204,0.09759037191726735,0.95,0.0011393184859004584
plot_6351,walk,community_living,0.05737793456484915,0.09081312546973515,0.09247456774978204,0.054828639609874254,0.62,0.00028547632198110514
plot_6351,walk,productive_mix,0.02185374420859034,0.0933036858086402,0.09247456774978204,0.035004785957890985,0.36,0.00010873041292786815
plot_6351,slow,__network_total__,0.3899121445438167,,0.07139958475733724,,,0.0019399562874527888
plot_6351,slow,life_service,0.12465698915542288,0.11643746004284099,0.07139958475733724,0.09564423615602817,0.78,0.0006202143566723939
plot_6351,slow,public_activity,0.16005460876920716,0.13288998599747637,0.07139958475733724,0.09759037191726735,0.86,0.0007963305297425203
plot_6351,slow,community_living,0.07145400852001094,0.09081312546973515,0.07139958475733724,0.054828639609874254,1.0,0.0003555099655956551
plot_6351,slow,productive_mix,0.03374653809917574,0.0933036858086402,0.07139958475733724,0.035004785957890985,0.72,0.00016790143544221967
plot_6351,fast,__network_total__,0.09487469865573517,,0.03318708979689727,,,0.0004720365106675948
plot_6351,fast,life_service,0.02079953118509732,0.11643746004284099,0.03318708979689727,0.09564423615602817,0.28,0.00010348531550821064
plot_6351,fast,public_activity,0.0449828078633261,0.13288998599747637,0.03318708979689727,0.09759037191726735,0.52,0.0002238060090275895
plot_6351,fast,community_living,0.0073067250059714005,0.09081312546973515,0.03318708979689727,0.054828639609874254,0.22,3.6353643543487626e-05
plot_6351,fast,productive_mix,0.021785634601340337,0.0933036858086402,0.03318708979689727,0.035004785957890985,1.0,0.00010839154258830699
plot_6748,walk,__network_total__,0.564862052018943,,0.4287989374238504,,,0.04253051012409648
plot_6748,walk,life_service,0.266641121793254,0.10604516637850317,0.4287989374238504,0.4415102005722229,1.0,0.020076375974267296
plot_6748,walk,public_activity,0.2013480026258321,0.12276087658756524,0.4287989374238504,0.30315744032687586,0.95,0.01516022050611638
plot_6748,walk,community_living,0.06522941555965901,0.08195803795001105,0.4287989374238504,0.2254056183260988,0.62,0.004911358992754461
plot_6748,walk,productive_mix,0.031643512040197906,0.08808510278476452,0.4287989374238504,0.17522021325038048,0.36,0.002382554650958342
plot_6748,slow,__network_total__,0.32746636869139595,,0.25130656271556173,,,0.024656129154279713
plot_6748,slow,life_service,0.12189106175324788,0.10604516637850317,0.25130656271556173,0.4415102005722229,0.78,0.009177619592968384
plot_6748,slow,public_activity,0.1068248523681,0.12276087658756524,0.25130656271556173,0.30315744032687586,0.86,0.00804323011062217
plot_6748,slow,community_living,0.061659773838205756,0.08195803795001105,0.25130656271556173,0.2254056183260988,1.0,0.004642587736425538
plot_6748,slow,productive_mix,0.03709068073184229,0.08808510278476452,0.25130656271556173,0.17522021325038048,0.72,0.002792691714263621
plot_6748,fast,__network_total__,0.10767157928966105,,0.15602237898251556,,,0.00810698324783697
plot_6748,fast,life_service,0.027165540740078657,0.10604516637850317,0.15602237898251556,0.4415102005722229,0.28,0.0020453919702039477
plot_6748,fast,public_activity,0.040101466894909746,0.12276087658756524,0.15602237898251556,0.30315744032687586,0.52,0.0030193847111327676
plot_6748,fast,community_living,0.008421853331314948,0.08195803795001105,0.15602237898251556,0.2254056183260988,0.22,0.0006341118456991585
plot_6748,fast,productive_mix,0.031982718323357695,0.08808510278476452,0.15602237898251556,0.17522021325038048,1.0,0.0024080947208010954
